anime_id,anime_name,genres,type,number_of_episodes,rating,total_views,production_cost,total_box_office
16498,Attack on Titan,"Action, Drama, Fantasy, Mystery",TV,25,84,778095,200000,30.8
101922,Demon Slayer,"Action, Adventure, Drama, Fantasy, Supernatural",TV,26,83,735876,250000,504.5
1535,DEATH NOTE,"Mystery, Psychological, Supernatural, Thriller",TV,37,84,708493,100000,30.0
113415,Jujutsu Kaisen,"Action, Drama, Supernatural",TV,24,85,677899,250000,196.0
21459,My Hero Academia,"Action, Adventure, Comedy",TV,13,77,672551,200000,55.0
11061,Hunter X Hunter,"Action, Adventure, Fantasy",TV,148,89,631894,150000,8.0
21087,One Punch Man,"Action, Comedy, Sci-Fi, Supernatural",TV,12,83,587819,100000,50.0
20605,Tokyo Ghoul,"Action, Drama, Horror, Mystery, Psychological, Supernatural",TV,12,75,562670,150000,55.0
20958,Attack on Titan Season 2,"Action, Drama, Fantasy, Mystery",TV,12,84,555101,150000,46.0
11757,Sword Art Online,"Action, Adventure, Fantasy, Romance",TV,25,69,550087,150000,38.0
5114,FULLMETAL ALCHEMIST,"Action, Adventure, Drama, Fantasy",TV,64,90,543458,100000,8.0
20,NARUTO,"Action, Adventure, Comedy, Drama, Fantasy, Supernatural",TV,220,79,541456,300000,266.8
21,ONE PIECE,"Action, Adventure, Comedy, Drama, Fantasy",TV,1110,88,529904,200000,246.5
21519,Kimi no Na wa.,"Drama, Romance, Supernatural",MOVIE,1,85,527073,250000,382.0
21856,My Hero Academia 2,"Action, Adventure, Comedy",TV,25,79,516690,200000,33.0
99147,Attack on Titan 3,"Action, Drama, Fantasy, Mystery",TV,12,85,516133,150000,46.0
20954,A Silent Voice,"Drama, Romance, Slice of Life",MOVIE,1,88,514607,150000,31.0
101759,The Promised Neverland,"Drama, Fantasy, Horror, Mystery, Psychological, Thriller",TV,12,83,500983,100000,17.7
20755,Assassination Classroom ,"Action, Comedy, Drama, Supernatural",TV,22,79,483186,150000,25.0
110277,Attack on Titan : The Final Season,"Action, Drama, Fantasy, Mystery",TV,16,86,479426,300000,88.0
100166,My Hero Academia 3,"Action, Adventure, Comedy, Drama",TV,25,79,472810,250000,66.0
20665,Your lie in April,"Drama, Music, Romance, Slice of Life",TV,22,84,464688,300000,70.0
21234,Erased,"Drama, Mystery, Psychological, Supernatural, Thriller",TV,12,81,464012,100000,25.0
21507,Mob Psycho 100,"Action, Comedy, Drama, Psychological, Slice of Life, Supernatural",TV,12,84,463998,250000,10.0
1735,NARUTO: Shippuuden,"Action, Adventure, Comedy, Drama, Fantasy, Supernatural",TV,500,81,461080,250000,1001.0
104578,Attack on Titan 3 Part 2,"Action, Drama, Fantasy, Mystery",TV,10,89,456943,200000,70.0
20464,Haikyuu!!,"Comedy, Drama, Sports",TV,25,83,453858,200000,108.0
9253,Steins;Gate,"Drama, Psychological, Sci-Fi, Thriller",TV,24,89,448595,300000,48.0
21355,Re:Zero kara Hajimeru Isekai Seikatsu,"Action, Adventure, Drama, Fantasy, Psychological, Romance, Thriller",TV,25,80,441144,150000,49.0
20447,Noragami,"Action, Adventure, Comedy, Supernatural",TV,12,77,430136,200000,53.0
19815,No Game No Life,"Adventure, Comedy, Ecchi, Fantasy",TV,12,77,428716,150000,37.0
101291,Seishun Buta Yarou wa Bunny Girl Senpai no Yume wo Minai,"Comedy, Drama, Mystery, Psychological, Romance, Supernatural",TV,13,80,425080,200000,26.0
4224,Toradora!,"Comedy, Drama, Romance, Slice of Life",TV,25,78,421044,100000,38.0
97940,Black Clover,"Action, Adventure, Comedy, Fantasy",TV,170,78,419895,100000,27.0
101921,Kaguya-sama wa Kokurasetai: Tensaitachi no Renai Zunousen,"Comedy, Psychological, Romance, Slice of Life",TV,12,83,419214,300000,22.0
104276,Boku no Hero Academia 4,"Action, Adventure, Comedy, Drama, Sci-Fi",TV,25,78,414132,300000,35.0
20789,Nanatsu no Taizai,"Action, Adventure, Comedy, Ecchi, Fantasy, Supernatural",TV,24,73,413411,250000,21.0
20613,Akame ga Kill!,"Action, Adventure, Drama, Fantasy, Horror, Psychological, Thriller",TV,24,72,411835,250000,55.0
21827,Violet Evergarden,"Drama, Fantasy, Slice of Life",TV,13,85,410371,250000,43.0
105333,Dr. STONE,"Action, Adventure, Comedy, Sci-Fi",TV,24,81,409359,150000,18.0
21202,Kono Subarashii Sekai ni Shukufuku wo!,"Adventure, Comedy, Ecchi, Fantasy",TV,10,79,390140,150000,54.0
127230,Chainsaw Man,"Action, Drama, Horror, Supernatural",TV,12,84,386679,250000,55.0
20623,Kiseijuu: Sei no Kakuritsu,"Action, Drama, Horror, Psychological, Sci-Fi",TV,24,81,384891,250000,18.0
140960,SPY×FAMILY,"Action, Comedy, Slice of Life, Supernatural",TV,12,84,381609,150000,39.0
99423,Darling in the Franxx,"Action, Drama, Mecha, Psychological, Romance, Sci-Fi",TV,24,68,380425,150000,26.0
112151,Kimetsu no Yaiba: Mugen Ressha-hen,"Action, Adventure, Drama, Fantasy, Mystery, Supernatural",MOVIE,1,84,374160,250000,46.0
124080,Horimiya,"Comedy, Romance, Slice of Life",TV,13,81,369169,250000,50.0
9919,Ao no Exorcist,"Action, Fantasy, Supernatural",TV,25,72,368040,150000,38.0
20931,Death Parade,"Drama, Mystery, Psychological, Supernatural, Thriller",TV,12,80,367284,100000,7.0
101348,VINLAND SAGA,"Action, Adventure, Drama",TV,24,87,366898,300000,25.0
1575,Code Geass: Hangyaku no Lelouch,"Action, Drama, Mecha, Sci-Fi, Thriller",TV,25,84,362348,200000,37.0
14719,JoJo no Kimyou na Bouken (TV),"Action, Adventure, Supernatural",TV,26,77,359071,150000,34.0
98314,Kakegurui,"Drama, Mystery, Psychological",TV,12,70,359006,200000,32.0
199,Sen to Chihiro no Kamikakushi,"Adventure, Drama, Fantasy, Supernatural",MOVIE,1,86,358439,250000,30.0
30,Shin Seiki Evangelion,"Action, Drama, Mecha, Mystery, Psychological, Sci-Fi",TV,26,83,356728,100000,57.0
20594,Sword Art Online II,"Action, Adventure, Fantasy, Sci-Fi",TV,24,65,354137,150000,58.0
6547,Angel Beats!,"Action, Comedy, Drama, Supernatural",TV,13,77,353379,200000,22.0
1,Cowboy Bebop,"Action, Adventure, Drama, Sci-Fi",TV,26,86,353211,250000,51.0
97668,One Punch Man 2,"Action, Comedy, Sci-Fi, Supernatural",TV,12,74,351852,150000,17.0
269,BLEACH,"Action, Adventure, Supernatural",TV,366,78,348293,200000,42.0
105310,Enen no Shouboutai,"Action, Drama, Sci-Fi, Supernatural",TV,24,76,343173,300000,31.0
101338,Mob Psycho 100 II,"Action, Comedy, Drama, Psychological, Slice of Life, Supernatural",TV,13,88,341599,200000,43.0
10620,Mirai Nikki,"Action, Horror, Mystery, Psychological, Supernatural, Thriller",TV,26,68,341292,150000,15.0
120120,Tokyo Revengers,"Action, Drama, Romance, Supernatural",TV,24,78,340523,200000,51.0
99263,Tate no Yuusha no Nariagari,"Action, Adventure, Fantasy",TV,25,77,338619,300000,28.0
112641,Kaguya-sama wa Kokurasetai?: Tensaitachi no Renai Zunousen,"Comedy, Psychological, Romance, Slice of Life",TV,12,86,335246,100000,52.0
18679,Kill la Kill,"Action, Comedy, Ecchi",TV,24,79,326692,150000,10.0
20997,Charlotte,"Comedy, Drama, Romance, Sci-Fi, Supernatural",TV,13,75,324387,200000,23.0
142329,Kimetsu no Yaiba: Yuukaku-hen,"Action, Adventure, Fantasy, Supernatural",TV,11,86,323502,150000,7.0
21311,Bungou Stray Dogs,"Action, Comedy, Mystery, Supernatural",TV,12,77,323376,300000,49.0
101280,Tensei Shitara Slime Datta Ken,"Action, Adventure, Comedy, Fantasy",TV,24,80,322926,100000,13.0
9989,Ano Hi Mita Hana no Namae wo Bokutachi wa Mada Shiranai.,"Drama, Romance, Slice of Life, Supernatural",TV,11,80,322099,300000,48.0
20923,Shokugeki no Souma,"Comedy, Ecchi",TV,24,79,321823,300000,42.0
20992,Haikyuu!! 2nd Season,"Comedy, Drama, Sports",TV,25,86,317894,250000,37.0
20850,Tokyo Ghoul √A,"Action, Drama, Horror, Mystery, Psychological, Supernatural",TV,12,66,316851,250000,48.0
15809,Hataraku Maou-sama!,"Comedy, Fantasy, Romance, Slice of Life",TV,13,75,315764,200000,26.0
98659,Youkoso Jitsuryoku Shijou Shugi no Kyoushitsu e,"Drama, Psychological",TV,12,77,310935,100000,22.0
117193,Boku no Hero Academia 5,"Action, Adventure, Comedy, Sci-Fi",TV,25,73,309850,200000,51.0
97986,Made in Abyss,"Adventure, Drama, Fantasy, Horror, Mystery, Sci-Fi",TV,13,85,302337,200000,17.0
11111,Another,"Horror, Mystery, Psychological, Supernatural, Thriller",TV,12,70,302111,100000,25.0
108465,Mushoku Tensei: Isekai Ittara Honki Dasu,"Adventure, Drama, Ecchi, Fantasy",TV,11,82,302089,100000,17.0
131681,Shingeki no Kyojin: The Final Season Part 2,"Action, Drama, Fantasy, Mystery, Psychological",TV,12,86,299828,250000,37.0
20920,Dungeon ni Deai wo Motomeru no wa Machigatteiru Darou ka,"Action, Adventure, Comedy, Fantasy, Romance",TV,13,73,299200,300000,19.0
20832,Overlord,"Action, Adventure, Fantasy",TV,13,76,293697,250000,27.0
6702,FAIRY TAIL,"Action, Adventure, Comedy, Fantasy",TV,175,71,290568,100000,36.0
21698,Haikyuu!!: Karasuno Koukou VS Shiratorizawa Gakuen Koukou,"Comedy, Drama, Sports",TV,10,87,289204,100000,49.0
21699,Kono Subarashii Sekai ni Shukufuku wo! 2,"Adventure, Comedy, Ecchi, Fantasy",TV,10,81,287835,200000,53.0
21170,Ansatsu Kyoushitsu 2,"Action, Comedy, Drama, Supernatural",TV,25,83,284684,250000,17.0
3588,Soul Eater,"Action, Adventure, Comedy, Fantasy",TV,51,76,283304,150000,37.0
14813,Yahari Ore no Seishun Love Come wa Machigatteiru.,"Drama, Romance, Slice of Life",TV,13,78,282360,100000,14.0
101347,Dororo,"Action, Adventure, Drama, Supernatural",TV,24,81,279590,250000,50.0
13601,PSYCHO-PASS,"Action, Psychological, Sci-Fi, Thriller",TV,22,81,279234,250000,45.0
2001,Tengen Toppa Gurren Lagann,"Action, Comedy, Drama, Mecha, Romance, Sci-Fi",TV,27,85,276217,100000,10.0
2904,Code Geass: Hangyaku no Lelouch R2,"Action, Drama, Mecha, Sci-Fi, Thriller",TV,25,87,274935,250000,19.0
145064,Jujutsu Kaisen 2nd Season,"Action, Drama, Supernatural",TV,23,88,274377,150000,12.0
10087,Fate/Zero,"Action, Drama, Fantasy, Supernatural",TV,13,81,273815,150000,25.0
12189,Hyouka,"Mystery, Romance, Slice of Life",TV,22,79,273782,200000,20.0
131573,Jujutsu Kaisen 0,"Action, Supernatural",MOVIE,1,84,271660,300000,53.0
14741,Chuunibyou demo Koi ga Shitai!,"Comedy, Drama, Romance, Slice of Life",TV,12,75,268645,250000,24.0
5081,Bakemonogatari,"Comedy, Drama, Mystery, Psychological, Romance, Supernatural",TV,15,82,266586,100000,39.0
98460,DEVILMAN crybaby,"Action, Drama, Horror, Psychological, Supernatural",ONA,10,76,266483,200000,15.0
108725,Yakusoku no Neverland 2,"Action, Adventure, Drama, Fantasy, Horror, Psychological, Thriller",TV,11,51,266193,300000,57.0
108632,Re:Zero kara Hajimeru Isekai Seikatsu 2nd Season,"Action, Adventure, Drama, Fantasy, Psychological, Thriller",TV,13,82,262685,150000,15.0
431,Howl no Ugoku Shiro,"Adventure, Drama, Fantasy, Romance",MOVIE,1,84,262446,200000,42.0
21776,Kobayashi-san Chi no Maidragon,"Comedy, Fantasy, Slice of Life",TV,13,78,262257,100000,32.0
106286,Tenki no Ko,"Drama, Romance, Slice of Life, Supernatural",MOVIE,1,81,261893,250000,38.0
99750,Kimi no Suizou wo Tabetai,"Drama, Romance, Slice of Life",MOVIE,1,84,261361,100000,55.0
21804,Saiki Kusuo no Ψ-nan,"Comedy, Slice of Life, Supernatural",TV_SHORT,120,83,261339,100000,11.0
132405,Sono Bisque Doll wa Koi wo Suru,"Comedy, Ecchi, Romance, Slice of Life",TV,12,81,259710,150000,27.0
20474,JoJo no Kimyou na Bouken: Stardust Crusaders,"Action, Adventure, Supernatural",TV,24,79,259111,150000,48.0
21128,Noragami ARAGOTO,"Action, Adventure, Comedy, Supernatural",TV,13,80,253548,250000,46.0
99578,Wotaku ni Koi wa Muzukashii,"Comedy, Romance, Slice of Life",TV,11,78,249516,300000,20.0
20829,Owari no Seraph,"Action, Drama, Fantasy, Mystery, Supernatural",TV,12,73,249288,300000,7.0
113936,Dr. STONE: STONE WARS,"Action, Adventure, Comedy, Sci-Fi",TV,11,81,248332,300000,45.0
100388,BANANA FISH,"Action, Adventure, Drama, Psychological, Thriller",TV,24,83,247151,300000,39.0
9756,Mahou Shoujo Madoka☆Magica,"Action, Drama, Fantasy, Mahou Shoujo, Psychological, Thriller",TV,12,82,245250,300000,8.0
115230,Kami no Tou: Tower of God,"Action, Adventure, Drama, Fantasy, Mystery",TV,13,74,244776,250000,13.0
129874,Kimetsu no Yaiba: Mugen Ressha-hen (TV),"Action, Adventure, Drama, Fantasy, Mystery, Supernatural",TV,7,82,242648,100000,37.0
113813,"Kanojo, Okarishimasu","Comedy, Drama, Romance",TV,12,67,238666,300000,17.0
100240,Tokyo Ghoul:re,"Action, Horror, Mystery, Psychological, Supernatural",TV,12,61,237762,250000,26.0
21450,JoJo no Kimyou na Bouken: Diamond wa Kudakenai,"Action, Adventure, Drama, Mystery, Supernatural",TV,39,84,236248,250000,19.0
116006,THE GOD OF HIGH SCHOOL,"Action, Comedy, Supernatural",TV,13,69,234829,200000,29.0
11617,High School DxD,"Action, Comedy, Ecchi, Fantasy, Romance",TV,12,68,234772,250000,50.0
105334,Fruits Basket: 1st Season,"Comedy, Drama, Romance, Slice of Life, Supernatural",TV,25,82,234673,250000,23.0
106625,Haikyuu!! TO THE TOP,"Comedy, Drama, Sports",TV,13,83,232890,250000,58.0
6746,Durarara!!,"Action, Mystery, Supernatural",TV,24,79,232870,100000,53.0
114535,Fumetsu no Anata e,"Adventure, Drama, Fantasy, Psychological, Supernatural",TV,20,81,232339,150000,44.0
19,MONSTER,"Drama, Horror, Mystery, Psychological, Thriller",TV,74,88,229993,200000,18.0
133965,"Komi-san wa, Komyushou desu.","Comedy, Romance, Slice of Life",TV,12,77,229759,100000,18.0
2167,CLANNAD,"Comedy, Drama, Romance, Slice of Life, Supernatural",TV,23,76,229288,100000,20.0
99539,Nanatsu no Taizai: Imashime no Fukkatsu,"Action, Adventure, Comedy, Ecchi, Fantasy, Supernatural",TV,24,73,228928,100000,8.0
101165,Goblin Slayer,"Action, Adventure, Fantasy",TV,12,71,228753,200000,10.0
103572,Go-toubun no Hanayome,"Comedy, Drama, Romance, Slice of Life",TV,12,75,228716,250000,14.0
124845,Wonder Egg Priority,"Action, Drama, Fantasy, Mystery, Psychological, Sci-Fi, Thriller",TV,12,74,227165,200000,29.0
142838,SPY×FAMILY Part 2,"Action, Comedy, Slice of Life, Supernatural",TV,13,82,227071,250000,57.0
145139,Kimetsu no Yaiba: Katanakaji no Sato-hen,"Action, Adventure, Drama, Fantasy, Supernatural",TV,11,82,225637,300000,43.0
18153,Kyoukai no Kanata,"Action, Drama, Fantasy, Slice of Life, Supernatural",TV,12,74,225365,250000,44.0
108511,Tensei Shitara Slime Datta Ken 2nd Season,"Action, Adventure, Comedy, Fantasy",TV,12,83,224574,100000,13.0
918,Gintama,"Action, Comedy, Drama, Sci-Fi",TV,201,85,224296,200000,30.0
7054,Kaichou wa Maid-sama!,"Comedy, Drama, Romance",TV,26,77,224246,250000,52.0
102883,JoJo no Kimyou na Bouken: Ougon no Kaze,"Action, Adventure, Drama, Mystery, Supernatural",TV,39,84,224197,300000,16.0
164,Mononoke-hime,"Action, Adventure, Drama, Fantasy",MOVIE,1,84,223484,200000,49.0
100182,Sword Art Online: Alicization,"Action, Adventure, Fantasy",TV,24,75,222531,200000,48.0
20799,JoJo no Kimyou na Bouken: Stardust Crusaders - Egypt-hen,"Action, Adventure, Drama, Supernatural",TV,24,82,219119,300000,24.0
13759,Sakurasou no Pet na Kanojo,"Comedy, Drama, Romance, Slice of Life",TV,24,78,218889,300000,31.0
8074,Gakuen Mokushiroku: HIGHSCHOOL OF THE DEAD,"Action, Drama, Ecchi, Horror, Romance, Supernatural",TV,12,66,218621,300000,59.0
20661,Zankyou no Terror,"Drama, Mystery, Psychological, Thriller",TV,11,78,218467,200000,12.0
114236,Enen no Shouboutai: Ni no Shou,"Action, Drama, Sci-Fi, Supernatural",TV,24,78,216728,200000,24.0
11771,Kuroko no Basket,"Comedy, Sports",TV,25,78,216247,150000,43.0
5680,K-ON!,"Comedy, Music, Slice of Life",TV,13,78,215900,200000,58.0
127720,Mushoku Tensei: Isekai Ittara Honki Dasu Part 2,"Adventure, Drama, Ecchi, Fantasy",TV,12,86,213696,300000,37.0
18897,Nisekoi,"Comedy, Romance, Slice of Life",TV,20,73,211600,300000,29.0
21518,Shokugeki no Souma: Ni no Sara,"Comedy, Ecchi",TV,13,79,211034,200000,45.0
20698,Yahari Ore no Seishun Love Come wa Machigatteiru. Zoku,"Drama, Romance, Slice of Life",TV,13,81,209630,200000,42.0
205,Samurai Champloo,"Action, Adventure, Comedy",TV,26,84,209433,150000,39.0
120377,Cyberpunk: Edgerunners,"Action, Drama, Psychological, Sci-Fi",ONA,10,85,209422,100000,24.0
523,Tonari no Totoro,"Adventure, Fantasy, Slice of Life, Supernatural",MOVIE,1,80,209141,100000,36.0
226,Elfen Lied,"Action, Drama, Ecchi, Horror, Psychological, Romance, Supernatural",TV,13,68,208859,300000,40.0
151807,Ore dake Level Up na Ken,"Action, Adventure, Fantasy",TV,12,83,208337,200000,23.0
19603,Fate/stay night: Unlimited Blade Works,"Action, Fantasy, Supernatural",TV,13,80,205194,200000,38.0
120697,"Ijiranaide, Nagatoro-san","Comedy, Romance, Slice of Life",TV,12,70,204884,300000,12.0
125367,Kaguya-sama wa Kokurasetai: Ultra Romantic,"Comedy, Psychological, Romance, Slice of Life",TV,13,89,204398,300000,14.0
119661,Re:Zero kara Hajimeru Isekai Seikatsu 2nd Season Part 2,"Action, Adventure, Drama, Fantasy, Psychological, Romance, Thriller",TV,12,84,203818,150000,13.0
107660,BEASTARS,"Drama, Mystery, Psychological, Romance, Slice of Life",TV,12,77,201673,100000,12.0
121,Hagane no Renkinjutsushi,"Action, Adventure, Drama, Fantasy",TV,51,78,201587,250000,59.0
4898,Kuroshitsuji,"Action, Comedy, Fantasy, Mystery, Supernatural",TV,24,72,201245,300000,36.0
116589,86: Eighty Six,"Action, Drama, Mecha, Sci-Fi",TV,11,82,200968,300000,55.0
14227,Tonari no Kaibutsu-kun,"Comedy, Romance, Slice of Life",TV,13,72,200772,200000,41.0
137822,Blue Lock,"Action, Drama, Sports",TV,24,81,200354,200000,42.0
113538,Haikyuu!! TO THE TOP 2,"Comedy, Drama, Sports",TV,12,85,199560,250000,29.0
150672,[Oshi no Ko],"Drama, Mystery, Psychological, Supernatural",TV,11,85,198584,100000,36.0
128893,Jigokuraku,"Action, Adventure, Mystery, Supernatural",TV,13,80,198514,200000,48.0
20872,Plastic Memories,"Drama, Romance, Sci-Fi, Slice of Life",TV,13,77,198163,100000,23.0
853,Ouran Koukou Host Club,"Comedy, Drama, Romance, Slice of Life",TV,26,80,198104,150000,27.0
20458,Mahouka Koukou no Rettousei,"Action, Romance, Sci-Fi, Supernatural",TV,26,70,197994,150000,29.0
17895,Golden Time,"Drama, Romance",TV,24,75,197697,200000,23.0
98437,Overlord II,"Action, Adventure, Fantasy",TV,13,75,197070,200000,11.0
154587,Sousou no Frieren,"Adventure, Drama, Fantasy",TV,28,91,195664,100000,49.0
11741,Fate/Zero 2nd Season,"Action, Drama, Fantasy, Supernatural",TV,12,84,195523,200000,59.0
6880,Deadman Wonderland,"Action, Horror, Sci-Fi",TV,12,67,195372,250000,10.0
16782,Kotonoha no Niwa,"Drama, Psychological, Romance, Slice of Life",MOVIE,1,75,195284,100000,59.0
100876,Kakegurui ××,"Drama, Mystery, Psychological",TV,12,70,194747,250000,23.0
1689,Byousoku 5 Centimeter,"Drama, Romance, Slice of Life",MOVIE,3,71,193661,300000,22.0
21049,ReLIFE,"Comedy, Drama, Romance, Slice of Life",ONA,13,78,192615,250000,52.0
112301,"Maou Gakuin no Futekigousha: Shijou Saikyou no Maou no Shiso, Tensei shite Shison-tachi no Gakkou e Kayou","Action, Comedy, Fantasy",TV,13,73,192531,200000,47.0
813,Dragon Ball Z,"Action, Adventure, Comedy, Fantasy, Supernatural",TV,291,79,192248,250000,42.0
21613,Youjo Senki,"Action, Fantasy",TV,12,77,191481,250000,12.0
10793,Guilty Crown,"Action, Drama, Mecha, Psychological, Romance, Sci-Fi",TV,22,69,190861,250000,12.0
21679,Bungou Stray Dogs 2nd Season,"Action, Comedy, Mystery, Supernatural",TV,12,81,190109,250000,30.0
20596,Ao Haru Ride,"Drama, Romance, Slice of Life",TV,12,75,189457,250000,49.0
104157,Seishun Buta Yarou wa Yumemiru Shoujo no Yume wo Minai,"Drama, Psychological, Romance, Supernatural",MOVIE,1,84,189210,300000,31.0
21709,Yuuri!!! on ICE,"Comedy, Drama, Sports",TV,12,77,188757,150000,19.0
124153,SK∞,"Action, Drama, Sports",TV,12,79,187705,250000,41.0
16592,Danganronpa: Kibou no Gakuen to Zetsubou no Koukousei - The Animation,"Horror, Mystery, Psychological, Sci-Fi, Thriller",TV,13,68,187148,150000,52.0
98436,Mahoutsukai no Yome,"Drama, Fantasy, Romance, Slice of Life, Supernatural",TV,24,78,186499,200000,8.0
15583,Date A Live,"Action, Comedy, Ecchi, Fantasy, Mecha, Romance, Sci-Fi",TV,12,68,186321,300000,44.0
20807,Prison School,"Comedy, Ecchi",TV,12,73,185779,300000,9.0
17265,Log Horizon,"Action, Adventure, Fantasy",TV,25,76,185263,150000,7.0
32,"Shin Seiki Evangelion Movie: Air / Magokoro wo, Kimi ni","Action, Drama, Mecha, Psychological, Sci-Fi",MOVIE,1,85,184846,200000,23.0
21647,orange,"Drama, Romance, Supernatural",TV,13,74,184518,100000,44.0
108463,Jibaku Shounen Hanako-kun,"Action, Comedy, Drama, Mystery, Supernatural",TV,12,77,184191,150000,57.0
99255,Shokugeki no Souma: San no Sara,"Comedy, Ecchi",TV,12,78,184115,200000,14.0
116742,Tensei Shitara Slime Datta Ken 2nd Season Part 2,"Action, Adventure, Comedy, Fantasy",TV,12,83,183422,250000,12.0
10165,Nichijou,"Comedy, Slice of Life",TV,26,83,183421,200000,12.0
101167,Dungeon ni Deai wo Motomeru no wa Machigatteiru Darou ka II,"Action, Adventure, Comedy, Fantasy, Romance",TV,12,71,183059,250000,19.0
20668,Gekkan Shoujo Nozaki-kun,"Comedy, Romance, Slice of Life",TV,12,77,183013,250000,23.0
889,BLACK LAGOON,"Action, Adventure, Drama, Thriller",TV,12,78,182247,200000,25.0
97938,BORUTO: NARUTO NEXT GENERATIONS,"Action, Adventure, Fantasy",TV,293,56,182095,300000,43.0
21875,No Game No Life Zero,"Action, Adventure, Drama, Fantasy, Romance",MOVIE,1,80,181993,150000,39.0
101474,Overlord III,"Action, Adventure, Fantasy",TV,13,77,181949,200000,49.0
102976,Kono Subarashii Sekai ni Shukufuku wo! Kurenai Densetsu,"Action, Adventure, Comedy, Ecchi, Fantasy, Supernatural",MOVIE,1,83,180200,150000,35.0
102351,Tokyo Ghoul:re 2,"Action, Horror, Mystery, Psychological, Supernatural",TV,12,61,180194,200000,28.0
14513,Magi: The labyrinth of magic,"Action, Adventure, Fantasy",TV,25,78,180125,200000,41.0
116267,Tonikaku Kawaii,"Comedy, Romance, Slice of Life",TV,12,77,179969,250000,9.0
21092,Rakudai Kishi no Cavalry,"Action, Ecchi, Fantasy, Romance",TV,12,72,179882,200000,31.0
21857,Masamune-kun no Revenge,"Comedy, Romance, Slice of Life",TV,12,65,179067,150000,30.0
4181,CLANNAD: After Story,"Drama, Romance, Slice of Life, Supernatural",TV,24,87,177727,250000,43.0
20727,Kekkai Sensen,"Action, Comedy, Supernatural",TV,12,74,177682,250000,59.0
100723,Boku no Hero Academia THE MOVIE: Futari no Hero,"Action, Comedy, Drama, Sci-Fi",MOVIE,1,74,176990,300000,56.0
110349,GREAT PRETENDER,"Action, Comedy, Drama, Thriller",ONA,23,82,176872,250000,49.0
339,serial experiments lain,"Drama, Mystery, Psychological, Sci-Fi, Supernatural",TV,13,80,175688,150000,49.0
111321,Tate no Yuusha no Nariagari Season 2,"Action, Adventure, Fantasy",TV,13,65,175094,150000,18.0
6045,Kimi ni Todoke,"Comedy, Drama, Romance, Slice of Life",TV,25,79,173025,150000,54.0
130298,Kage no Jitsuryokusha ni Naritakute!,"Action, Comedy, Fantasy",TV,20,82,172609,250000,14.0
99629,Satsuriku no Tenshi,"Action, Adventure, Horror, Psychological, Thriller",TV,12,67,172309,250000,23.0
140439,Mob Psycho 100 III,"Action, Comedy, Drama, Psychological, Slice of Life, Supernatural",TV,12,87,172199,100000,25.0
223,Dragon Ball,"Action, Adventure, Comedy, Fantasy, Supernatural",TV,153,77,171586,100000,9.0
437,PERFECT BLUE,"Drama, Horror, Psychological, Thriller",MOVIE,1,85,171570,250000,13.0
21366,3-gatsu no Lion,"Drama, Slice of Life",TV,22,83,171491,250000,50.0
21127,Steins;Gate 0,"Drama, Psychological, Sci-Fi, Thriller",TV,23,84,171205,100000,14.0
47,AKIRA,"Action, Adventure, Horror, Psychological, Sci-Fi, Supernatural",MOVIE,1,79,171085,300000,26.0
139630,Boku no Hero Academia 6,"Action, Adventure",TV,25,82,170857,150000,25.0
108430,Given,"Drama, Music, Romance, Slice of Life",TV,11,82,170171,300000,39.0
103139,Domestic na Kanojo,"Drama, Ecchi, Romance",TV,12,64,169731,100000,32.0
109261,Go-toubun no Hanayome ∬,"Comedy, Drama, Romance, Slice of Life",TV,12,80,168043,150000,48.0
108759,Sword Art Online: Alicization - War of Underworld,"Action, Adventure, Fantasy",TV,12,75,167679,200000,58.0
100977,Hataraku Saibou,"Action, Comedy, Sci-Fi",TV,13,73,167458,200000,43.0
108489,Yahari Ore no Seishun Love Come wa Machigatteiru. Kan,"Comedy, Drama, Romance, Slice of Life",TV,12,82,165997,250000,31.0
145545,Youkoso Jitsuryoku Shijou Shugi no Kyoushitsu e 2nd Season,"Drama, Mystery, Psychological",TV,13,79,165737,150000,37.0
100922,Grand Blue,"Comedy, Slice of Life, Sports",TV,12,82,164626,150000,23.0
20770,Akatsuki no Yona,"Action, Adventure, Comedy, Drama, Fantasy, Romance",TV,24,79,164158,200000,38.0
136430,VINLAND SAGA SEASON 2,"Action, Adventure, Drama",TV,24,88,162955,150000,28.0
141391,Yofukashi no Uta,"Comedy, Psychological, Romance, Slice of Life, Supernatural",TV,13,79,162192,150000,28.0
151801,MASHLE,"Action, Comedy, Fantasy",TV,12,76,161802,300000,55.0
20792,Fate/stay night: Unlimited Blade Works 2nd Season,"Action, Drama, Fantasy, Supernatural",TV,13,82,161408,150000,52.0
21175,Dragon Ball Super,"Action, Adventure, Comedy, Fantasy, Sci-Fi",TV,131,72,160994,150000,55.0
21421,Kiznaiver,"Drama, Romance, Sci-Fi",TV,12,71,160028,200000,27.0
108928,Nanatsu no Taizai: Kamigami no Gekirin,"Action, Adventure, Comedy, Ecchi, Fantasy, Supernatural",TV,24,62,159333,300000,19.0
113717,Ousama Ranking,"Action, Adventure, Drama, Fantasy",TV,23,84,158953,150000,39.0
20457,Black Bullet,"Action, Drama, Mystery, Sci-Fi",TV,13,66,158558,300000,40.0
10408,Hotarubi no Mori e,"Drama, Fantasy, Romance, Supernatural",MOVIE,1,79,158217,150000,37.0
849,Suzumiya Haruhi no Yuuutsu,"Comedy, Mystery, Sci-Fi, Slice of Life, Supernatural",TV,14,76,157043,250000,27.0
227,FLCL,"Action, Comedy, Mecha, Sci-Fi",OVA,6,78,156864,200000,12.0
103223,Bungou Stray Dogs 3rd Season,"Action, Comedy, Mystery, Supernatural",TV,12,81,156527,300000,12.0
20910,Shimoneta to Iu Gainen ga Sonzai Shinai Taikutsu na Sekai,"Comedy, Ecchi",TV,12,69,156138,100000,33.0
12355,Ookami Kodomo no Ame to Yuki,"Drama, Fantasy, Romance, Slice of Life",MOVIE,1,83,155723,250000,21.0
98291,Tsurezure Children,"Comedy, Drama, Romance, Slice of Life",TV_SHORT,12,74,155512,300000,33.0
100668,Arifureta Shokugyou de Sekai Saikyou,"Action, Adventure, Fantasy, Psychological",TV,13,64,154981,250000,49.0
21711,91Days,"Action, Drama, Psychological",TV,12,76,154842,300000,9.0
20993,Owari no Seraph: Nagoya Kessen-hen,"Action, Drama, Fantasy, Supernatural",TV,12,74,154406,200000,8.0
18507,Free!,"Comedy, Drama, Slice of Life, Sports",TV,12,71,154241,300000,28.0
130003,Bocchi the Rock!,"Comedy, Music, Slice of Life",TV,12,87,154192,300000,32.0
2251,Baccano!,"Action, Mystery, Supernatural",TV,13,81,154003,150000,13.0
15451,High School DxD NEW,"Action, Comedy, Ecchi, Fantasy, Romance",TV,12,70,153383,100000,25.0
11843,Danshi Koukousei no Nichijou,"Comedy, Slice of Life",TV,12,80,153281,300000,46.0
101004,Isekai Maou to Shoukan Shoujo no Dorei Majutsu,"Comedy, Ecchi, Fantasy",TV,12,66,153080,200000,29.0
21403,Sword Art Online: Ordinal Scale,"Action, Adventure, Fantasy, Romance, Sci-Fi",MOVIE,1,73,152934,100000,28.0
11597,Nisemonogatari,"Comedy, Drama, Ecchi, Mystery, Psychological, Supernatural",TV,11,79,152778,300000,23.0
21685,Eromanga Sensei,"Comedy, Drama, Ecchi, Romance, Slice of Life",TV,12,60,151944,200000,37.0
11887,Kokoro Connect,"Drama, Romance, Slice of Life, Supernatural",TV,13,75,151186,200000,45.0
21595,Sakamoto desu ga?,"Comedy, Slice of Life",TV,12,72,150842,150000,13.0
97994,Blend S,"Comedy, Slice of Life",TV,12,70,150488,100000,50.0
159831,Zom 100: Zombie ni Naru Made ni Shitai 100 no Koto,"Action, Comedy, Horror, Supernatural",TV,12,77,150332,300000,24.0
20631,Trinity Seven,"Action, Comedy, Ecchi, Fantasy, Romance",TV,12,67,150109,150000,57.0
146984,Shingeki no Kyojin: The Final Season - Kanketsu-hen Zenpen,"Action, Drama, Fantasy, Mystery, Psychological",SPECIAL,1,87,149975,150000,53.0
146065,Mushoku Tensei II: Isekai Ittara Honki Dasu,"Adventure, Drama, Ecchi, Fantasy",TV,13,82,149798,200000,40.0
4654,Toaru Majutsu no Index,"Action, Sci-Fi, Supernatural",TV,24,70,149721,300000,53.0
131646,Vanitas no Carte,"Drama, Fantasy, Mystery, Supernatural",TV,12,78,148278,100000,39.0
114308,Sword Art Online: Alicization - War of Underworld Part 2,"Action, Adventure, Fantasy",TV,11,74,148118,100000,26.0
21196,Koutetsujou no Kabaneri,"Action, Drama, Fantasy, Horror, Supernatural",TV,12,70,147892,150000,7.0
20966,Yamada-kun to 7-nin no Majo,"Comedy, Mystery, Romance, Supernatural",TV,12,73,147202,150000,47.0
457,Mushishi,"Adventure, Fantasy, Mystery, Psychological, Slice of Life, Supernatural",TV,26,85,146706,250000,22.0
21701,Kuzu no Honkai,"Drama, Ecchi, Psychological, Romance",TV,12,68,146485,150000,7.0
20626,FAIRY TAIL (2014),"Action, Adventure, Fantasy",TV,102,74,146241,300000,8.0
111762,Fruits Basket: 2nd Season,"Comedy, Drama, Psychological, Romance, Slice of Life, Supernatural",TV,25,85,146023,250000,58.0
578,Hotaru no Haka,Drama,MOVIE,1,82,146020,200000,43.0
112124,Dungeon ni Deai wo Motomeru no wa Machigatteiru Darou ka III,"Action, Adventure, Comedy, Fantasy, Romance",TV,12,74,145599,250000,17.0
105156,Shinchou Yuusha: Kono Yuusha ga Ore TUEEE Kuse ni Shinchou Sugiru,"Action, Adventure, Comedy, Fantasy",TV,12,73,145328,200000,27.0
114232,Hige wo Soru. Soshite Joshikousei wo Hirou.,"Drama, Romance, Slice of Life",TV,13,70,145240,150000,55.0
356,Fate/stay night,"Action, Fantasy, Romance, Supernatural",TV,24,68,145009,100000,12.0
18671,Chuunibyou demo Koi ga Shitai! Ren,"Comedy, Drama, Romance, Slice of Life",TV,12,73,145005,250000,48.0
21700,Rokudenashi Majutsu Koushi to Akashic Records,"Action, Comedy, Fantasy",TV,12,68,144744,250000,24.0
2966,Ookami to Koushinryou,"Adventure, Fantasy, Romance",TV,13,80,144283,150000,50.0
20994,"GATE: Jieitai Kanochi nite, Kaku Tatakaeri","Action, Adventure, Fantasy",TV,12,74,144021,150000,47.0
13125,Shinsekai yori,"Drama, Horror, Mystery, Psychological, Sci-Fi, Supernatural",TV,25,80,143998,150000,23.0
1210,NHK ni Youkoso!,"Comedy, Drama, Psychological, Romance, Slice of Life",TV,24,81,143224,200000,59.0
103047,Violet Evergarden Movie,"Drama, Fantasy, Slice of Life",MOVIE,1,87,142926,150000,32.0
98034,Saiki Kusuo no Ψ-nan 2,"Comedy, Slice of Life, Supernatural",TV,24,83,142726,100000,15.0
21861,Ao no Exorcist: Kyoto Fujouou-hen,"Action, Fantasy, Supernatural",TV,12,72,142717,300000,20.0
127911,Kawaii dake ja Nai Shikimori-san,"Comedy, Romance, Slice of Life",TV,12,68,142618,150000,51.0
143270,Lycoris Recoil,"Action, Slice of Life",TV,13,81,141749,200000,35.0
877,NANA,"Drama, Music, Romance, Slice of Life",TV,47,84,141706,250000,34.0
16894,Kuroko no Basket 2nd SEASON,"Comedy, Sports",TV,25,80,141419,200000,30.0
129201,Summer Time Render,"Action, Drama, Mystery, Supernatural, Thriller",TV,25,83,141306,150000,44.0
114963,Nakitai Watashi wa Neko wo Kaburu,"Drama, Fantasy, Romance",MOVIE,1,72,140829,250000,38.0
17074,Monogatari Series: Second Season,"Comedy, Drama, Mystery, Psychological, Romance, Supernatural",TV,26,88,140177,300000,7.0
934,Higurashi no Naku Koro ni,"Horror, Mystery, Psychological, Supernatural, Thriller",TV,26,75,140110,300000,13.0
109963,Shokugeki no Souma: Shin no Sara,"Comedy, Ecchi",TV,12,76,140109,250000,35.0
2236,Toki wo Kakeru Shoujo,"Drama, Romance, Sci-Fi",MOVIE,1,78,139993,250000,29.0
21058,Akagami no Shirayuki-hime,"Drama, Fantasy, Romance",TV,12,76,139663,300000,9.0
14467,K,"Action, Mystery, Supernatural",TV,13,70,139327,100000,42.0
100773,Shokugeki no Souma: San no Sara - Tootsuki Ressha-hen,"Comedy, Ecchi",TV,12,77,139310,200000,50.0
20657,Saenai Heroine no Sodatekata,"Comedy, Romance, Slice of Life",TV,13,73,138732,250000,19.0
97922,Inuyashiki,"Action, Drama, Psychological, Sci-Fi",TV,11,73,138626,150000,37.0
20987,Himouto! Umaru-chan,"Comedy, Slice of Life",TV,12,67,138425,200000,29.0
20745,High School DxD BorN,"Action, Comedy, Ecchi, Fantasy, Romance",TV,12,70,137794,150000,23.0
97766,Gamers!,"Comedy, Drama, Romance, Slice of Life",TV,12,65,137754,200000,15.0
2025,DARKER THAN BLACK: Kuro no Keiyakusha,"Action, Mystery, Sci-Fi",TV,25,77,137385,200000,53.0
108553,Boku no Hero Academia THE MOVIE: Heroes:Rising,"Action, Sci-Fi",MOVIE,1,78,137163,150000,27.0
2890,Gake no Ue no Ponyo,"Adventure, Fantasy",MOVIE,1,79,137156,250000,16.0
512,Majo no Takkyuubin,"Adventure, Drama, Fantasy, Slice of Life",MOVIE,1,81,137051,250000,37.0
114888,Fugou Keiji: Balance:UNLIMITED,"Action, Comedy, Mystery, Sci-Fi",TV,11,74,135763,150000,32.0
21385,Nanatsu no Taizai: Seisen no Shirushi,"Action, Adventure, Comedy, Ecchi, Fantasy, Supernatural",TV,4,67,135651,200000,13.0
99468,Karakai Jouzu no Takagi-san,"Comedy, Romance, Slice of Life",TV,12,74,135375,250000,17.0
777,HELLSING OVA,"Action, Horror, Supernatural",OVA,10,81,135150,300000,15.0
105190,Darwins Game,"Action, Mystery, Sci-Fi, Thriller",TV,11,70,134772,200000,29.0
18115,Magi: The kingdom of magic,"Action, Adventure, Fantasy",TV,25,80,134729,200000,11.0
249,Inuyasha,"Action, Adventure, Comedy, Fantasy, Romance",TV,167,76,134623,300000,18.0
21428,Hai to Gensou no Grimgar,"Action, Adventure, Drama, Fantasy",TV,12,74,134401,300000,31.0
128546,Vivy: Fluorite Eye’s Song,"Action, Drama, Music, Sci-Fi, Thriller",TV,13,82,134316,250000,19.0
7791,K-ON!!,"Comedy, Music, Slice of Life",TV,26,82,133753,150000,16.0
99426,Sora yori mo Tooi Basho,"Adventure, Comedy, Drama",TV,13,84,133630,150000,52.0
158927,SPY×FAMILY Season 2,"Action, Comedy, Slice of Life, Supernatural",TV,12,81,133293,250000,21.0
20876,Nisekoi:,"Comedy, Romance, Slice of Life",TV,12,71,133174,250000,48.0
124194,Fruits Basket: The Final,"Comedy, Drama, Psychological, Romance, Slice of Life, Supernatural",TV,13,90,132559,250000,14.0
98444,Yuru Camp△,"Comedy, Slice of Life",TV,12,81,132475,250000,21.0
21858,Little Witch Academia (TV),"Comedy, Fantasy",TV,25,77,132473,100000,49.0
131942,JoJo no Kimyou na Bouken: Stone Ocean,"Action, Adventure, Drama, Supernatural",ONA,12,81,131940,250000,15.0
21093,Monster Musume no Iru Nichijou,"Comedy, Ecchi, Fantasy, Romance",TV,12,66,131699,100000,31.0
106479,Itai no wa Iya nano de Bougyoryoku ni Kyokufuri Shitai to Omoimasu.,"Action, Adventure, Comedy, Fantasy, Slice of Life",TV,12,74,131570,300000,45.0
14345,BTOOOM!,"Action, Psychological, Sci-Fi",TV,12,68,131560,250000,16.0
100183,Sword Art Online Alternative: Gun Gale Online,"Action, Sci-Fi",TV,12,69,131538,250000,39.0
10719,Boku wa Tomodachi ga Sukunai,"Comedy, Ecchi, Romance, Slice of Life",TV,12,68,131524,150000,47.0
100112,Kenja no Mago,"Action, Comedy, Fantasy, Romance",TV,12,64,131156,250000,26.0
155783,Tengoku Daimakyou,"Adventure, Mystery, Sci-Fi, Thriller",TV,13,82,131102,100000,51.0
107717,Kobayashi-san Chi no Maidragon S,"Comedy, Fantasy, Slice of Life",TV,12,82,130993,100000,47.0
129898,"Sekai Saikou no Ansatsusha, Isekai Kizoku ni Tensei suru","Action, Adventure, Drama, Fantasy, Mystery, Romance",TV,12,72,130829,150000,15.0
20602,Amagi Brilliant Park,"Comedy, Fantasy",TV,13,72,130620,100000,14.0
105228,Dorohedoro,"Action, Adventure, Comedy, Fantasy, Horror, Mystery",TV,12,79,130591,150000,39.0
9260,Kizumonogatari I: Tekketsu-hen,"Action, Drama, Ecchi, Mystery, Psychological, Supernatural",MOVIE,1,83,130301,150000,28.0
131518,Dr. STONE: NEW WORLD,"Action, Adventure, Comedy, Sci-Fi",TV,11,81,128636,250000,59.0
131565,takt op.Destiny,"Action, Fantasy, Music",TV,12,69,128514,150000,20.0
245,GTO,"Comedy, Drama, Slice of Life",TV,43,84,127559,250000,32.0
6,TRIGUN,"Action, Adventure, Comedy, Drama, Sci-Fi",TV,26,79,125922,100000,49.0
20725,Kuroko no Basket 3rd SEASON,"Comedy, Sports",TV,25,81,125402,250000,13.0
43,GHOST IN THE SHELL: Koukaku Kidoutai,"Action, Psychological, Sci-Fi",MOVIE,1,80,125285,250000,33.0
116566,Akudama Drive,"Action, Drama, Sci-Fi, Thriller",TV,12,75,124969,250000,28.0
103871,Zombie Land Saga,"Comedy, Music, Supernatural",TV,12,74,124914,200000,51.0
116674,BLEACH: Sennen Kessen-hen,"Action, Adventure, Supernatural",TV,13,88,124738,100000,22.0
14289,Sukitte Ii na yo.,"Drama, Romance",TV,13,71,123816,250000,12.0
6213,Toaru Kagaku no Railgun,"Action, Fantasy, Sci-Fi",TV,24,74,123595,300000,24.0
15689,Nekomonogatari (Kuro),"Drama, Mystery, Psychological, Romance, Supernatural",TV,4,77,123390,150000,42.0
98202,Tsuki ga Kirei,"Drama, Romance, Slice of Life",TV,12,78,123167,150000,37.0
98707,Houseki no Kuni,"Action, Drama, Fantasy, Mystery, Psychological",TV,12,83,123125,200000,40.0
20722,Barakamon,Slice of Life,TV,12,82,122545,150000,16.0
392,Yuu☆Yuu☆Hakusho,"Action, Adventure, Comedy, Supernatural",TV,112,82,122518,250000,57.0
14713,Kamisama Hajimemashita,"Comedy, Fantasy, Romance, Supernatural",TV,13,80,122339,100000,54.0
20678,Shinmai Maou no Testament,"Action, Ecchi, Fantasy, Romance",TV,12,62,122280,250000,23.0
131083,Mieruko-chan,"Comedy, Horror, Slice of Life, Supernatural",TV,12,72,121961,250000,56.0
131586,86: Eighty Six Part 2,"Action, Drama, Mecha, Sci-Fi",TV,12,86,121908,250000,23.0
20946,Ore Monogatari!!,"Comedy, Romance",TV,24,77,121710,200000,21.0
21131,Gakusen Toshi Asterisk,"Action, Comedy, Ecchi, Fantasy, Romance, Sci-Fi",TV,12,64,121549,200000,45.0
16742,Watashi ga Motenai no wa Dou Kangaetemo Omaera ga Warui!,"Comedy, Slice of Life",TV,12,66,121264,250000,46.0
113596,Josee to Tora to Sakanatachi,"Drama, Romance, Slice of Life",MOVIE,1,82,120914,250000,53.0
125426,Gokushufudou,"Comedy, Slice of Life",ONA,5,71,120788,150000,9.0
107201,Kyokou Suiri,"Comedy, Mystery, Romance, Supernatural",TV,12,68,120720,300000,37.0
33,Kenpuu Denki Berserk,"Action, Adventure, Drama, Fantasy, Horror, Supernatural",TV,25,83,120714,150000,39.0
100643,Made in Abyss: Fukaki Tamashii no Reimei,"Action, Adventure, Drama, Fantasy, Horror, Mystery, Psychological, Sci-Fi",MOVIE,1,85,120498,250000,44.0
1195,Zero no Tsukaima,"Action, Adventure, Comedy, Ecchi, Fantasy, Romance",TV,13,67,120077,250000,52.0
100077,Hinamatsuri,"Comedy, Sci-Fi, Slice of Life, Supernatural",TV,12,80,120002,250000,37.0
142984,"Komi-san wa, Komyushou desu. 2","Comedy, Romance, Slice of Life",TV,12,79,119532,250000,41.0
161645,Kusuriya no Hitorigoto,"Drama, Mystery",TV,24,88,119314,150000,49.0
8769,Ore no Imouto ga Konna ni Kawaii Wake ga Nai,"Comedy, Slice of Life",TV,12,65,119136,250000,17.0
20811,Shingeki no Kyojin Gaiden: Kuinaki Sentaku,"Action, Fantasy",OVA,2,82,119083,150000,13.0
130592,Hataraku Maou-sama!!,"Comedy, Fantasy, Romance, Slice of Life",TV,12,66,117996,250000,38.0
20912,Hibike! Euphonium,"Drama, Music, Slice of Life",TV,13,80,117899,250000,7.0
7311,Suzumiya Haruhi no Shoushitsu,"Drama, Mystery, Sci-Fi, Supernatural",MOVIE,1,86,117599,300000,37.0
114043,Shokugeki no Souma: Gou no Sara,"Comedy, Drama, Ecchi",TV,13,71,117570,300000,25.0
7785,Yojouhan Shinwa Taikei,"Comedy, Mystery, Psychological, Romance",TV,11,85,117463,200000,51.0
114124,Yuukoku no Moriarty,"Drama, Mystery, Psychological",TV,11,80,116787,150000,43.0
133844,Overlord IV,"Action, Adventure, Fantasy",TV,13,80,116762,250000,26.0
166240,Kimetsu no Yaiba: Hashira Geiko-hen,"Action, Adventure, Drama, Fantasy, Supernatural",TV,8,81,116715,300000,49.0
154965,Yamada-kun to Lv999 no Koi wo Suru,"Comedy, Drama, Romance",TV,13,79,116609,300000,50.0
142770,Suzume no Tojimari,"Adventure, Fantasy, Mystery, Supernatural",MOVIE,1,82,116370,250000,59.0
19163,Date A Live II,"Action, Comedy, Ecchi, Fantasy, Romance, Sci-Fi",TV,10,68,116092,200000,14.0
128705,Blue Period,"Drama, Slice of Life",ONA,12,77,115839,100000,42.0
101001,Asobi Asobase,"Comedy, Slice of Life",TV,12,79,115583,200000,31.0
108241,Gleipnir,"Action, Ecchi, Mystery, Supernatural",TV,13,66,115368,250000,27.0
97832,citrus,"Drama, Romance",TV,12,60,115197,300000,8.0
790,Ergo Proxy,"Adventure, Mystery, Psychological, Sci-Fi",TV,23,76,115189,300000,25.0
21400,Kizumonogatari III: Reiketsu-hen,"Action, Drama, Ecchi, Mystery, Psychological, Supernatural",MOVIE,1,87,114935,250000,49.0
153288,Kaijuu 8-gou,"Action, Sci-Fi",TV,12,83,114398,150000,30.0
20513,PSYCHO-PASS 2,"Action, Psychological, Sci-Fi, Thriller",TV,11,71,114260,300000,9.0
107693,Mairimashita! Iruma-kun,"Comedy, Fantasy",TV,23,77,113857,300000,37.0
17729,Grisaia no Kajitsu,"Drama, Ecchi, Psychological, Romance",TV,13,71,113700,200000,43.0
113425,Kaifuku Jutsushi no Yarinaoshi,"Action, Adventure, Ecchi, Fantasy",TV,12,57,113441,250000,40.0
16067,Nagi no Asukara,"Drama, Fantasy, Romance, Slice of Life",TV,26,77,113324,100000,50.0
100298,Megalo Box,"Action, Drama, Sci-Fi, Sports",TV,13,77,112956,300000,48.0
21399,Kizumonogatari II: Nekketsu-hen,"Action, Drama, Ecchi, Mystery, Psychological, Supernatural",MOVIE,1,85,112806,300000,27.0
98491,Isekai wa Smartphone to Tomo ni.,"Adventure, Comedy, Fantasy, Romance",TV,12,57,112610,300000,30.0
11633,Blood Lad,"Comedy, Ecchi, Supernatural",TV,10,69,112263,100000,7.0
20791,Fate/stay night [Heavens Feel] I. presage flower,"Action, Fantasy, Psychological, Supernatural",MOVIE,1,80,112181,200000,55.0
114194,BEASTARS 2,"Drama, Mystery, Psychological, Romance, Slice of Life",TV,12,78,111818,200000,10.0
1887,Lucky☆Star,"Comedy, Slice of Life",TV,24,74,111482,100000,25.0
1943,Paprika,"Fantasy, Mystery, Psychological, Sci-Fi, Thriller",MOVIE,1,78,111444,100000,23.0
112609,Majo no Tabitabi,"Adventure, Fantasy, Slice of Life",TV,12,74,110893,100000,8.0
99749,FAIRY TAIL (2018),"Action, Adventure, Comedy, Fantasy",TV,51,75,110802,100000,59.0
115113,Uzaki-chan wa Asobitai!,"Comedy, Ecchi, Romance, Slice of Life",TV,12,67,110737,150000,26.0
104647,Otome Game no Hametsu Flag shika Nai Akuyaku Reijou ni Tensei shiteshimatta…,"Comedy, Fantasy, Romance, Slice of Life",TV,12,73,110619,300000,11.0
2759,Evangelion Shin Movie: Jo,"Action, Drama, Mecha, Psychological, Sci-Fi",MOVIE,1,77,110047,200000,42.0
11577,Steins;Gate: Fuka Ryouiki no Déjà vu,"Drama, Romance, Sci-Fi, Thriller",MOVIE,1,82,109975,150000,46.0
527,Pocket Monsters,"Action, Adventure, Comedy, Fantasy",TV,276,72,109958,200000,14.0
6594,Katanagatari,"Action, Adventure, Romance",TV,12,82,109835,150000,59.0
98478,3-gatsu no Lion 2,"Drama, Slice of Life",TV,22,89,109615,300000,21.0
99457,Sayonara no Asa ni Yakusoku no Hana wo Kazarou,"Drama, Fantasy, Psychological",MOVIE,1,82,108864,150000,35.0
16870,THE LAST: NARUTO THE MOVIE,"Action, Romance",MOVIE,1,75,108678,100000,15.0
97863,Hajimete no Gal,"Comedy, Ecchi, Romance, Slice of Life",TV,10,59,108479,200000,29.0
3455,To LOVE-Ru,"Comedy, Ecchi, Romance, Sci-Fi",TV,26,65,108252,200000,9.0
21306,Musaigen no Phantom World,"Action, Ecchi, Slice of Life, Supernatural",TV,13,65,108242,250000,30.0
11759,Accel World,"Action, Romance, Sci-Fi",TV,24,67,108143,250000,39.0
21878,Gabriel Dropout,"Comedy, Slice of Life, Supernatural",TV,12,73,108106,100000,47.0
128547,Odd Taxi,"Drama, Mystery, Psychological, Thriller",TV,13,85,108098,250000,46.0
8525,Kami nomi zo Shiru Sekai,"Comedy, Romance, Supernatural",TV,12,74,107780,300000,59.0
103632,"Kumo desu ga, Nani ka?","Action, Adventure, Comedy, Fantasy, Mystery",TV,24,71,107512,100000,23.0
20773,GANGSTA.,"Action, Drama",TV,12,71,107241,300000,37.0
97980,Re:CREATORS,"Action, Drama, Fantasy, Mecha, Thriller",TV,22,73,106772,100000,52.0
126403,Shiguang Dailiren,"Drama, Mystery, Supernatural, Thriller",ONA,11,86,106577,100000,28.0
114745,Made in Abyss: Retsujitsu no Ougonkyou,"Adventure, Drama, Fantasy, Horror, Mystery, Sci-Fi",TV,12,85,106549,300000,12.0
109190,Violet Evergarden Gaiden: Eien to Jidou Shuki Ningyou,"Drama, Fantasy, Slice of Life",MOVIE,1,83,106406,300000,57.0
116752,Nanatsu no Taizai: Funnu no Shinpan,"Action, Adventure, Comedy, Ecchi, Fantasy, Supernatural",TV,24,65,106355,200000,56.0
20955,Rokka no Yuusha,"Action, Adventure, Fantasy, Mystery",TV,12,69,106338,300000,36.0
99726,Net-juu no Susume,"Comedy, Fantasy, Romance, Slice of Life",TV,10,73,106218,150000,32.0
141014,Tomodachi Game,"Drama, Mystery, Psychological, Thriller",ONA,12,76,106181,200000,29.0
101573,Yagate Kimi ni Naru,"Drama, Romance, Slice of Life",TV,13,78,105866,300000,58.0
21262,Owarimonogatari,"Drama, Mystery, Psychological, Supernatural",TV,12,84,105856,100000,36.0
98035,Fate/Apocrypha,"Action, Drama, Fantasy, Supernatural",TV,25,69,105684,150000,19.0
104464,Ore wo Suki nano wa Omae dake ka yo,"Comedy, Drama, Ecchi, Romance, Slice of Life",TV,12,70,105462,300000,17.0
151806,Tomo-chan wa Onnanoko!,"Comedy, Romance, Slice of Life",TV,13,77,105401,100000,11.0
97767,High School DxD HERO,"Action, Comedy, Ecchi, Fantasy, Romance",TV,13,69,105335,150000,19.0
14749,Ore no Kanojo to Osananajimi ga Shuraba Sugiru,"Comedy, Romance",TV,13,66,105011,200000,39.0
110354,BNA,"Action, Comedy, Fantasy",ONA,12,72,104730,100000,21.0
20671,Log Horizon 2,"Action, Adventure, Fantasy",TV,25,73,104509,200000,26.0
21290,Netoge no Yome wa Onnanoko ja Nai to Omotta?,"Comedy, Ecchi, Romance",TV,12,63,104373,150000,18.0
18397,Shingeki no Kyojin OVA,"Action, Drama, Fantasy, Mystery",OVA,3,76,104279,200000,11.0
162314,Shingeki no Kyojin: The Final Season - Kanketsu-hen Kouhen,"Action, Drama, Fantasy, Psychological, Romance",SPECIAL,1,87,103961,100000,11.0
18277,Strike the Blood,"Action, Ecchi, Fantasy",TV,24,66,103653,100000,36.0
270,HELLSING,"Action, Horror, Supernatural",TV,13,71,103446,300000,35.0
9041,IS: Infinite Stratos,"Action, Comedy, Ecchi, Mecha, Romance, Sci-Fi",TV,12,61,103010,300000,45.0
16417,Tamako Market,"Comedy, Slice of Life",TV,12,72,102948,300000,59.0
125206,Tsuki ga Michibiku Isekai Douchuu,"Action, Adventure, Comedy, Fantasy",TV,12,76,102785,250000,53.0
98251,Aho-Girl,"Comedy, Romance",TV_SHORT,12,64,102709,200000,50.0
127401,Platinum End,"Drama, Mystery, Psychological, Romance, Supernatural",TV,24,58,102623,200000,50.0
3784,Evangelion Shin Movie: Ha,"Action, Drama, Mecha, Psychological, Sci-Fi",MOVIE,1,81,102522,250000,26.0
112443,Jaku-Chara Tomozaki-kun,"Comedy, Drama, Romance, Slice of Life",TV,12,70,102388,300000,42.0
103900,Bokutachi wa Benkyou ga Dekinai,"Comedy, Ecchi, Romance, Slice of Life",TV,13,70,102344,200000,27.0
20754,Gakkou Gurashi!,"Horror, Mystery, Psychological, Slice of Life, Supernatural",TV,12,74,102271,150000,31.0
11499,Sankarea,"Comedy, Ecchi, Horror, Romance, Supernatural",TV,12,70,101511,250000,9.0
136804,Kono Subarashii Sekai ni Shukufuku wo! 3,"Action, Adventure, Comedy, Ecchi, Fantasy",TV,11,83,101243,150000,9.0
21123,DRIFTERS,"Action, Adventure, Comedy, Fantasy",TV,12,75,100981,200000,9.0
7724,Shiki,"Horror, Mystery, Supernatural, Thriller",TV,22,74,100959,250000,53.0
21455,NEW GAME!,Slice of Life,TV,12,74,100935,100000,32.0
20593,Hanamonogatari,"Drama, Mystery, Psychological, Supernatural",TV,5,78,100928,250000,51.0
513,Tenkuu no Shiro Laputa,"Adventure, Fantasy, Sci-Fi",MOVIE,1,80,100692,300000,57.0
124410,"Kanojo, Okarishimasu 2nd Season","Comedy, Drama, Romance",TV,12,66,100561,250000,38.0
146066,Youkoso Jitsuryoku Shijou Shugi no Kyoushitsu e 3rd Season,"Drama, Psychological",TV,13,79,100550,250000,23.0
2476,School Days (TV),"Drama, Psychological, Romance",TV,12,49,100546,200000,52.0
97907,Death March Kara Hajimaru Isekai Kyousoukyoku,"Action, Adventure, Comedy, Fantasy",TV,12,61,100224,100000,32.0
111790,Haikyuu!! Riku VS Kuu,"Comedy, Drama, Sports",OVA,2,78,99860,100000,32.0
21495,Tanaka-kun wa Itsumo Kedaruge,"Comedy, Slice of Life",TV,12,77,99848,150000,33.0
225,Dragon Ball GT,"Action, Adventure, Comedy, Sci-Fi",TV,64,62,99831,300000,35.0
21745,Owarimonogatari (Ge),"Comedy, Mystery, Psychological, Romance, Supernatural",TV,7,89,99814,100000,29.0
97888,Baki,"Action, Sports",ONA,26,72,99768,200000,57.0
125428,Tenkuu Shinpan,"Action, Horror, Mystery",ONA,12,66,99745,250000,17.0
21341,Ajin,"Action, Horror, Mystery, Supernatural",TV,13,71,99696,100000,19.0
7674,Bakuman.,"Comedy, Drama, Romance, Slice of Life",TV,25,79,99598,150000,54.0
20918,Tsukimonogatari,"Comedy, Ecchi, Mystery, Supernatural",TV,4,79,99451,250000,50.0
17549,Non Non Biyori,Slice of Life,TV,12,78,99445,100000,54.0
142853,Tokyo Revengers: Seiya Kessen-hen,"Action, Drama, Romance, Supernatural",TV,13,76,99396,100000,30.0
107226,Dumbbell Nan Kilo Moteru?,"Comedy, Ecchi, Slice of Life, Sports",TV,12,71,99209,100000,21.0
15315,Mondaiji-tachi ga Isekai kara Kuru Sou desu yo?,"Action, Comedy, Fantasy, Supernatural",TV,10,70,99178,300000,8.0
21718,Fate/stay night [Heavens Feel] II. lost butterfly,"Action, Fantasy, Psychological, Romance, Supernatural, Thriller",MOVIE,1,84,98788,100000,56.0
161964,Kage no Jitsuryokusha ni Naritakute! 2nd season,"Action, Comedy, Fantasy",TV,12,83,98774,150000,24.0
136,HUNTER×HUNTER,"Action, Adventure, Fantasy",TV,62,82,98647,300000,46.0
99699,Golden Kamuy,"Action, Adventure, Comedy",TV,12,77,98624,300000,40.0
10800,Chihayafuru,"Drama, Romance, Slice of Life, Sports",TV,25,80,98581,200000,36.0
4081,Natsume Yuujinchou,"Drama, Fantasy, Slice of Life, Supernatural",TV,13,80,98317,100000,42.0
21574,Kono Subarashii Sekai ni Shukufuku wo!: Kono Subarashii Choker ni Shukufuku wo!,"Comedy, Ecchi, Fantasy",OVA,1,76,98145,200000,28.0
99420,Shoujo Shuumatsu Ryokou,"Adventure, Sci-Fi, Slice of Life",TV,12,81,98112,100000,54.0
263,Hajime no Ippo: THE FIGHTING!,"Comedy, Drama, Sports",TV,75,86,98029,200000,55.0
166873,Mushoku Tensei II: Isekai Ittara Honki Dasu Part 2,"Adventure, Drama, Ecchi, Fantasy",TV,12,84,97944,200000,55.0
110350,ID: INVADED,"Drama, Mystery, Psychological, Sci-Fi, Thriller",TV,13,77,97793,150000,9.0
114085,Kemono Jihen,"Action, Drama, Mystery, Supernatural",TV,12,72,97684,250000,11.0
112608,"Slime Taoshite 300-nen, Shiranai Uchi ni Level MAX ni Nattemashita","Adventure, Comedy, Fantasy, Slice of Life",TV,12,69,97652,250000,39.0
101168,Plunderer,"Action, Adventure, Comedy, Drama, Ecchi, Fantasy, Romance",TV,24,62,97567,250000,58.0
153518,Dungeon Meshi,"Adventure, Comedy, Fantasy",TV,24,84,97292,150000,9.0
20607,Ping Pong THE ANIMATION,"Drama, Psychological, Sports",TV,11,85,96915,150000,59.0
6347,Baka to Test to Shoukanjuu,"Comedy, Romance",TV,13,71,96531,100000,42.0
2034,Lovely★Complex,"Comedy, Romance, Slice of Life",TV,24,77,96488,100000,9.0
128712,"Tantei wa mou, Shindeiru.","Comedy, Drama, Mystery, Romance, Supernatural",TV,12,60,96395,300000,43.0
2993,Rosario to Vampire,"Comedy, Ecchi, Fantasy, Romance",TV,13,62,96013,100000,22.0
15051,Love Live! School idol project,"Music, Slice of Life",TV,13,72,95914,300000,35.0
21499,Sousei no Onmyouji,"Action, Adventure, Comedy, Drama, Fantasy, Romance, Supernatural",TV,50,68,95793,250000,18.0
20996,Gintama°,"Action, Comedy, Drama, Sci-Fi",TV,51,91,95648,200000,12.0
20785,Absolute Duo,"Action, Ecchi, Romance, Supernatural",TV,12,59,95444,300000,40.0
4382,Suzumiya Haruhi no Yuuutsu (2009),"Comedy, Mystery, Sci-Fi, Slice of Life, Supernatural",TV,28,71,95339,200000,54.0
323,Mousou Dairinin,"Drama, Mystery, Psychological, Supernatural, Thriller",TV,13,76,95268,200000,44.0
14075,Zetsuen no Tempest,"Action, Drama, Fantasy, Mystery, Romance",TV,24,75,94996,250000,52.0
166610,MASHLE: Kami Shinkakusha Kouho Senbatsu Shiken-hen,"Action, Comedy, Fantasy",TV,12,79,94953,200000,58.0
126192,Kanojo mo Kanojo,"Comedy, Ecchi, Romance, Slice of Life",TV,12,63,94627,150000,57.0
117448,Isekai Maou to Shoukan Shoujo no Dorei Majutsu Ω,"Comedy, Ecchi, Fantasy",TV,10,66,94307,200000,31.0
21364,"GATE: Jieitai Kanochi nite, Kaku Tatakaeri 2","Action, Adventure, Fantasy",TV,12,75,94230,250000,27.0
109298,Eizouken ni wa Te wo Dasu na!,"Adventure, Comedy, Slice of Life",TV,12,79,94225,250000,52.0
20812,SHIROBAKO,"Comedy, Drama, Slice of Life",TV,24,81,93977,300000,46.0
3785,Evangelion Shin Movie: Kyuu,"Action, Drama, Mecha, Psychological, Sci-Fi",MOVIE,1,75,93913,200000,35.0
21365,Dagashi Kashi,"Comedy, Slice of Life",TV,12,63,93815,150000,47.0
111322,Tate no Yuusha no Nariagari Season 3,"Action, Adventure, Fantasy",TV,12,71,93686,250000,12.0
114121,Xian Wang De Richang Shenghuo,"Action, Adventure, Comedy, Fantasy, Slice of Life",ONA,15,73,93412,250000,29.0
130588,"Maou Gakuin no Futekigousha: Shijou Saikyou no Maou no Shiso, Tensei shite Shison-tachi no Gakkou e Kayou II","Action, Fantasy",TV,12,69,93298,300000,15.0
163132,Horimiya: piece,"Comedy, Romance, Slice of Life",TV,13,82,93135,150000,48.0
5681,Summer Wars,"Action, Comedy, Drama, Romance, Sci-Fi",MOVIE,1,77,92992,200000,50.0
8841,Kore wa Zombie desu ka?,"Action, Comedy, Ecchi, Supernatural",TV,12,69,92638,150000,53.0
21394,Magi: Sinbad no Bouken,"Action, Adventure, Fantasy",TV,13,77,92243,150000,18.0
20519,Tamako Love Story,"Romance, Slice of Life",MOVIE,1,78,92221,200000,57.0
8425,GOSICK,"Drama, Mystery, Romance",TV,24,77,92124,250000,34.0
98320,Koi to Uso,"Drama, Romance",TV,12,61,91934,250000,29.0
20652,Durarara!!x2 Shou,"Action, Mystery, Supernatural",TV,12,78,91676,300000,33.0
10863,Steins;Gate: Oukoubakko no Poriomania,"Comedy, Romance, Sci-Fi",OVA,1,80,91668,200000,59.0
1482,D.Gray-man,"Action, Adventure, Drama, Fantasy",TV,103,76,91520,150000,25.0
117612,Genjitsu Shugi Yuusha no Oukoku Saikenki,"Action, Adventure, Fantasy, Romance",TV,13,71,91424,250000,59.0
107067,Rikei ga Koi ni Ochita no de Shoumei shitemita.,"Comedy, Romance",ONA,12,71,91322,150000,27.0
132126,Sonny Boy,"Drama, Mystery, Psychological, Sci-Fi, Supernatural",TV,12,77,91029,250000,44.0
20849,GOD EATER,"Action, Sci-Fi",TV,13,67,90663,300000,55.0
151384,Kaguya-sama wa Kokurasetai: First Kiss wa Owaranai,"Comedy, Psychological, Romance, Slice of Life",TV,4,88,90601,150000,30.0
117343,Munou na Nana,"Drama, Horror, Psychological, Supernatural, Thriller",TV,13,70,90517,150000,51.0
118375,Ore dake Haireru Kakushi Dungeon,"Action, Adventure, Comedy, Ecchi, Fantasy, Romance",TV,12,60,89971,200000,8.0
5630,Higashi no Eden,"Drama, Mystery, Psychological, Romance, Sci-Fi, Thriller",TV,11,74,89894,250000,58.0
101302,Dragon Ball Super: Broly,"Action, Adventure, Fantasy, Sci-Fi",MOVIE,1,80,89580,100000,19.0
11981,Mahou Shoujo Madoka☆Magica: Hangyaku no Monogatari,"Drama, Fantasy, Mahou Shoujo, Mystery, Psychological, Thriller",MOVIE,1,83,89554,300000,32.0
1818,CLAYMORE,"Action, Adventure, Fantasy, Horror",TV,26,73,89511,300000,12.0
2593,Kara no Kyoukai: Fukan Fuukei,"Action, Mystery, Supernatural, Thriller",MOVIE,1,73,89460,250000,46.0
101432,"Violet Evergarden: Kitto ""Ai"" wo Shiru Hi ga Kuru no Darou","Drama, Fantasy, Romance, Slice of Life",OVA,1,82,88956,300000,37.0
8675,Seitokai Yakuindomo,"Comedy, Slice of Life",TV,13,73,88661,250000,9.0
99425,Promare,"Action, Mecha, Sci-Fi",MOVIE,1,78,88552,150000,9.0
113311,Kakushigoto,"Comedy, Slice of Life",TV,12,78,88511,250000,36.0
9969,Gintama,"Action, Comedy, Drama, Sci-Fi",TV,51,89,88462,250000,32.0
20981,Bakemono no Ko,"Action, Adventure, Comedy, Drama, Fantasy, Supernatural",MOVIE,1,79,88461,150000,26.0
116588,"Sentouin, Hakenshimasu!","Action, Adventure, Comedy, Ecchi, Fantasy, Sci-Fi",TV,12,68,88334,250000,15.0
112300,Mahouka Koukou no Rettousei: Raihousha-hen,"Action, Romance, Sci-Fi, Supernatural",TV,13,72,88162,250000,49.0
104722,Assassins Pride,"Action, Comedy, Drama, Fantasy, Mystery, Romance",TV,12,57,88076,100000,54.0
21719,Fate/stay night [Heavens Feel] III. spring song,"Action, Drama, Fantasy, Psychological, Supernatural, Thriller",MOVIE,1,85,88057,200000,39.0
156822,Tensei Shitara Slime Datta Ken 3rd Season,"Action, Adventure, Comedy, Fantasy",TV,24,79,87632,300000,40.0
20729,World Trigger,"Action, Sci-Fi",TV,73,72,87474,200000,26.0
97886,Kekkai Sensen & BEYOND,"Action, Comedy, Supernatural",TV,12,77,87275,300000,9.0
97996,Kono Subarashii Sekai ni Shukufuku wo! 2: Kono Subarashii Geijutsu ni Shukufuku wo!,"Adventure, Comedy, Fantasy",OVA,1,78,86930,150000,51.0
105914,Sewayaki Kitsune no Senko-san,"Comedy, Fantasy, Slice of Life, Supernatural",TV,12,71,86909,150000,50.0
137281,Aharen-san wa Hakarenai,"Comedy, Romance, Slice of Life",TV,12,71,86795,250000,8.0
3786,Shin Evangelion Movie:||,"Action, Drama, Mecha, Psychological, Sci-Fi",MOVIE,1,85,86747,250000,35.0
110270,Ishuzoku Reviewers,"Comedy, Ecchi, Fantasy",TV,12,72,86645,250000,12.0
21860,Shuumatsu Nani Shitemasu ka? Isogashii desu ka? Sukutte Moratte Ii desu ka?,"Drama, Fantasy, Mystery, Romance, Slice of Life, Supernatural",TV,12,74,86418,200000,36.0
105932,Araburu Kisetsu no Otome-domo yo.,"Comedy, Drama, Romance, Slice of Life",TV,12,72,86205,150000,24.0
135806,Isekai Oji-san,"Adventure, Comedy, Fantasy",TV,13,77,86145,250000,47.0
20632,Aldnoah.Zero,"Action, Mecha, Sci-Fi",TV,12,70,85959,200000,9.0
104454,Isekai Quartet,"Comedy, Fantasy, Slice of Life",TV_SHORT,12,72,85923,150000,34.0
143338,Otonari no Tenshi-sama ni Itsunomanika Dame Ningen ni Sareteita Ken,"Romance, Slice of Life",TV,12,77,85878,100000,42.0
100722,Date A Live III,"Action, Comedy, Ecchi, Fantasy, Mecha, Romance, Sci-Fi",TV,12,69,85677,300000,25.0
7593,kiss×sis (TV),"Comedy, Ecchi, Romance, Slice of Life",TV,12,59,85655,300000,43.0
101281,Carole & Tuesday,"Drama, Music, Sci-Fi",TV,24,76,85610,200000,9.0
112323,Arifureta Shokugyou de Sekai Saikyou 2nd season,"Action, Adventure, Fantasy, Psychological",TV,12,70,85503,250000,39.0
10161,NO.6,"Action, Drama, Psychological, Sci-Fi",TV,11,72,85420,150000,49.0
14967,Boku wa Tomodachi ga Sukunai NEXT,"Comedy, Ecchi, Romance, Slice of Life",TV,12,69,85197,100000,46.0
20541,Mekakucity Actors,"Comedy, Romance, Sci-Fi, Supernatural",TV,12,66,84955,300000,11.0
9656,Kimi ni Todoke 2ND SEASON,"Comedy, Drama, Romance, Slice of Life",TV,13,78,84878,150000,24.0
101310,Kishuku Gakkou no Juliet,"Comedy, Romance",TV,12,72,84707,200000,13.0
9513,Beelzebub,"Action, Comedy, Supernatural",TV,60,75,84597,100000,23.0
20646,Inou-Battle wa Nichijou-kei no Naka de,"Comedy, Fantasy, Romance, Slice of Life, Supernatural",TV,12,67,84537,100000,28.0
10162,Usagi Drop,Slice of Life,TV,11,81,84414,150000,54.0
21639,Keijo!!!!!!!!,"Comedy, Ecchi, Sports",TV,12,66,83986,250000,47.0
104325,Nande Koko ni Sensei ga!?,"Comedy, Ecchi, Romance",TV_SHORT,12,62,83982,150000,57.0
8937,Toaru Majutsu no Index II,"Action, Sci-Fi, Supernatural",TV,24,72,83976,250000,17.0
127399,Shuumatsu no Valkyrie,"Action, Drama, Fantasy, Supernatural",ONA,12,66,83966,250000,55.0
6707,Kuroshitsuji II,"Action, Comedy, Fantasy, Mystery, Supernatural",TV,12,66,83946,100000,8.0
21665,B: The Beginning,"Action, Mystery, Psychological, Supernatural, Thriller",ONA,12,69,83792,200000,20.0
14349,Little Witch Academia,"Comedy, Fantasy",MOVIE,1,76,83791,100000,28.0
14833,Maoyuu Maou Yuusha,"Adventure, Fantasy, Romance",TV,12,69,83734,200000,12.0
99424,SSSS.GRIDMAN,"Action, Mecha, Sci-Fi",TV,12,71,83699,100000,19.0
97592,Demi-chan wa Kataritai,"Slice of Life, Supernatural",TV,12,74,83554,250000,59.0
21180,Saenai Heroine no Sodatekata ♭,"Comedy, Romance, Slice of Life",TV,12,76,83388,300000,42.0
126546,Seirei Gensouki,"Action, Drama, Fantasy, Romance",TV,12,69,83377,150000,56.0
141911,Skip to Loafer,"Comedy, Romance, Slice of Life",TV,12,81,83295,150000,33.0
185,Initial D,"Action, Drama, Sports",TV,26,82,83294,300000,38.0
150075,Kono Subarashii Sekai ni Bakuen wo!,"Adventure, Comedy, Fantasy",TV,12,74,83251,150000,8.0
153845,"Isekai de Cheat Skill wo Te ni Shita Ore wa, Genjitsu Sekai wo mo Musou Suru: Level Up wa Jinsei wo Kaeta","Action, Adventure, Fantasy, Romance",TV,13,63,83001,300000,53.0
20701,Ookami Shoujo to Kuro Ouji,"Comedy, Romance, Slice of Life",TV,12,66,82824,250000,41.0
145665,NieR:Automata Ver1.1a,"Action, Drama, Fantasy, Psychological, Sci-Fi",TV,12,72,82727,100000,25.0
21390,Gakusen Toshi Asterisk 2,"Action, Ecchi, Fantasy, Sci-Fi",TV,12,67,82666,250000,22.0
585,Mimi wo Sumaseba,"Adventure, Drama, Romance, Slice of Life",MOVIE,1,81,82551,100000,43.0
21686,Watashi ga Motete Dousunda,"Comedy, Romance",TV,12,66,82490,150000,13.0
120646,Senpai ga Uzai Kouhai no Hanashi,"Comedy, Romance, Slice of Life",TV,12,75,82416,150000,35.0
6675,REDLINE,"Action, Romance, Sci-Fi, Sports",MOVIE,1,80,82410,150000,55.0
129196,Dungeon ni Deai wo Motomeru no wa Machigatteiru Darou ka IV: Shin Shou Meikyuu-hen,"Action, Adventure, Comedy, Fantasy, Romance",TV,11,77,82398,100000,34.0
20483,Mikakunin de Shinkoukei,"Comedy, Romance, Slice of Life",TV,12,71,82223,250000,39.0
147103,Watashi no Shiawase na Kekkon,"Drama, Romance, Supernatural",TV,12,77,82190,300000,43.0
114065,Bokutachi no Remake,"Drama, Romance, Slice of Life",TV,12,72,82113,300000,27.0
98635,ReLIFE: Kanketsu-hen,"Comedy, Drama, Romance, Slice of Life",OVA,4,80,82110,300000,25.0
100049,Re:Zero kara Hajimeru Isekai Seikatsu OVAs,"Comedy, Drama, Fantasy, Psychological",OVA,2,76,82042,150000,16.0
98596,Imouto sae Ireba Ii.,"Comedy, Ecchi, Romance, Slice of Life",TV,12,70,82030,200000,31.0
530,Bishoujo Senshi Sailor Moon,"Action, Adventure, Fantasy, Mahou Shoujo, Romance",TV,46,75,81724,100000,33.0
8861,Yosuga no Sora,"Drama, Ecchi, Romance",TV,12,55,81653,200000,8.0
16662,Kaze Tachinu,"Drama, Romance",MOVIE,1,80,81643,100000,44.0
1519,BLACK LAGOON: The Second Barrage,"Action, Adventure, Drama, Thriller",TV,12,80,81392,200000,59.0
141949,"Fuufu Ijou, Koibito Miman.","Comedy, Drama, Ecchi, Romance",TV,12,75,81349,200000,8.0
155907,Buddy Daddies,"Action, Comedy, Drama, Slice of Life",TV,12,80,81339,250000,55.0
98503,Gakuen Babysitters,"Comedy, Slice of Life",TV,12,78,81301,300000,58.0
16011,Tokyo Ravens,"Action, Comedy, Supernatural",TV,24,71,81202,300000,15.0
151970,Shangri-La Frontier,"Action, Adventure, Comedy, Fantasy, Sci-Fi",TV,25,80,81064,150000,48.0
572,Kaze no Tani no Nausicaä,"Action, Adventure, Drama, Fantasy, Sci-Fi",MOVIE,1,81,80988,100000,32.0
109020,Yesterday wo Utatte,"Drama, Romance, Slice of Life",TV,12,67,80913,100000,57.0
7711,Karigurashi no Arrietty,"Adventure, Drama, Fantasy",MOVIE,1,77,80764,150000,49.0
153152,Boku no Kokoro no Yabai Yatsu,"Comedy, Romance, Slice of Life",TV,12,81,80759,200000,34.0
126213,"Shin no Nakama ja Nai to Yuusha no Party wo Oidasareta node, Henkyou de Slow Life suru Koto ni shimashita","Action, Adventure, Fantasy, Romance, Slice of Life",TV,13,68,80627,300000,56.0
21220,BORUTO: NARUTO THE MOVIE,"Action, Adventure, Comedy",MOVIE,1,70,80623,100000,41.0
10110,Mayo Chiki!,"Comedy, Ecchi, Romance",TV,13,68,80495,250000,56.0
101351,Happy Sugar Life,"Drama, Horror, Mystery, Psychological, Romance",TV,12,65,80477,200000,44.0
110353,Deca-Dence,"Action, Adventure, Sci-Fi",TV,12,71,80147,200000,34.0
3457,Vampire Knight,"Drama, Mystery, Romance, Supernatural",TV,13,62,80145,300000,9.0
111734,Given Movie,"Drama, Music, Romance",MOVIE,1,80,79838,100000,22.0
8795,Panty & Stocking with Garterbelt,"Action, Comedy, Ecchi, Supernatural",TV,13,75,79834,150000,17.0
5341,Ookami to Koushinryou II,"Adventure, Fantasy, Romance",TV,12,81,79829,150000,56.0
163270,WIND BREAKER,"Action, Comedy, Drama",TV,13,78,79663,200000,46.0
268,GOLDEN BOY: Sasurai no Obenkyou Yarou,"Adventure, Comedy, Ecchi",OVA,6,77,79569,250000,41.0
20968,Kokoro ga Sakebitagatterun da.,"Drama, Music, Romance, Slice of Life, Supernatural",MOVIE,1,76,79456,200000,46.0
15225,Hentai Ouji to Warawanai Neko.,"Comedy, Romance, Supernatural",TV,12,68,79401,200000,35.0
120,Fruits Basket,"Comedy, Drama, Romance, Slice of Life, Supernatural",TV,26,74,79236,150000,14.0
141774,Paripi Koumei,"Comedy, Drama, Music, Supernatural",TV,12,80,79222,250000,22.0
107663,Kanata no Astra,"Adventure, Mystery, Sci-Fi",TV,12,78,79157,200000,32.0
11013,Inu x Boku SS,"Comedy, Romance, Supernatural",TV,12,69,79147,150000,38.0
16049,Toaru Kagaku no Railgun S,"Action, Fantasy, Sci-Fi",TV,24,79,78952,250000,22.0
232,Cardcaptor Sakura,"Comedy, Drama, Fantasy, Mahou Shoujo, Romance",TV,70,80,78907,300000,38.0
129188,Goblin Slayer II,"Action, Adventure, Fantasy",TV,12,71,78856,250000,13.0
12531,Sakamichi no Apollon,"Drama, Music, Romance, Slice of Life",TV,12,80,78644,150000,32.0
125038,Shadows House,"Fantasy, Horror, Mystery, Slice of Life, Supernatural",TV,13,76,78630,300000,35.0
355,Shakugan no Shana,"Action, Comedy, Drama, Fantasy, Romance, Supernatural",TV,24,70,78611,200000,27.0
101316,Irozuku Sekai no Ashita kara,"Drama, Romance, Slice of Life, Supernatural",TV,13,73,78416,150000,48.0
13659,Ore no Imouto ga Konna ni Kawaii Wake ga Nai.,"Comedy, Romance, Slice of Life",TV,13,65,77909,300000,35.0
116673,BURN THE WITCH,"Action, Fantasy",ONA,3,70,77692,250000,43.0
7088,Ichiban Ushiro no Daimaou,"Action, Comedy, Ecchi, Fantasy",TV,12,62,77636,100000,49.0
108617,Somali to Mori no Kamisama,"Adventure, Drama, Fantasy, Slice of Life",TV,12,76,77565,300000,17.0
1604,Katekyou Hitman REBORN!,"Action, Comedy",TV,203,76,77422,300000,31.0
105018,"Kimi to, Nami ni Noretara","Drama, Fantasy, Romance",MOVIE,1,75,77331,300000,38.0
101903,Kaze ga Tsuyoku Fuiteiru,"Drama, Sports",TV,23,83,77013,250000,31.0
6956,WORKING!!,"Comedy, Slice of Life",TV,13,74,76929,300000,57.0
163139,Boku no Hero Academia 7,"Action, Adventure",TV,21,77,76683,300000,35.0
108268,Honzuki no Gekokujou: Shisho ni Naru Tame ni wa Shudan wo Erandeiraremasen,"Fantasy, Slice of Life",TV,14,78,76676,150000,13.0
154116,Undead Unluck,"Action, Comedy, Sci-Fi, Supernatural",TV,24,77,76483,300000,35.0
118419,Kamisama ni Natta Hi,"Comedy, Drama, Romance, Sci-Fi, Slice of Life",TV,12,65,76475,150000,18.0
3002,Gyakkyou Burai Kaiji: Ultimate Survivor,"Psychological, Thriller",TV,26,82,76385,150000,43.0
21676,Dungeon ni Deai wo Motomeru no wa Machigatteiru Darou ka Gaiden: Sword Oratoria,"Action, Adventure, Comedy, Fantasy",TV,12,67,76322,150000,13.0
10490,BLOOD-C,"Action, Horror, Mystery, Supernatural",TV,12,61,76319,100000,59.0
103302,Kono Oto Tomare!,"Drama, Music, Romance, Slice of Life",TV,13,77,76198,250000,26.0
124140,Sword Art Online: Progressive - Hoshinaki Yoru no Aria,"Action, Adventure, Fantasy, Romance",MOVIE,1,78,75597,200000,54.0
98385,Koi wa Ameagari no You ni,"Drama, Romance, Slice of Life",TV,12,73,75506,250000,43.0
20614,Free!: Eternal Summer,"Comedy, Drama, Slice of Life, Sports",TV,13,74,75469,200000,7.0
126659,Boku no Hero Academia THE MOVIE: World Heroes' Mission,"Action, Adventure, Sci-Fi",MOVIE,1,76,75456,100000,58.0
108623,Goblin Slayer: GOBLIN'S CROWN,"Action, Adventure, Fantasy",MOVIE,1,71,75390,100000,17.0
97880,Code Geass: Fukkatsu no Lelouch,"Action, Drama, Mecha, Sci-Fi",MOVIE,1,77,75348,100000,28.0
141249,Bungou Stray Dogs 4th Season,"Action, Comedy, Mystery, Supernatural",TV,13,84,75197,200000,40.0
99634,Shingeki no Kyojin: LOST GIRLS,"Action, Drama, Fantasy, Mystery",OVA,3,76,75173,250000,11.0
112625,Saiki Kusuo no Ψ-nan: Ψ-shidou-hen,"Comedy, Slice of Life, Supernatural",ONA,6,81,75086,250000,10.0
100526,3D Kanojo: Real Girl,"Comedy, Drama, Romance, Slice of Life",TV,12,65,74976,300000,57.0
116005,NOBLESSE,"Action, Supernatural",TV,13,65,74960,150000,11.0
99540,Nanatsu no Taizai Movie: Tenkuu no Torawarebito,"Action, Adventure, Fantasy",MOVIE,1,69,74872,200000,38.0
107871,Princess Connect! Re:Dive,"Adventure, Comedy, Fantasy",TV,13,69,74847,100000,36.0
107625,Cider no You ni Kotoba ga Wakiagaru,"Romance, Slice of Life",MOVIE,1,74,74756,300000,17.0
21188,Saijaku Muhai no Bahamut,"Action, Ecchi, Fantasy, Mecha, Romance, Supernatural",TV,12,61,74743,300000,33.0
21851,Busou Shoujo Machiavellianism,"Action, Comedy, Ecchi, Romance",TV,12,65,74664,150000,20.0
116741,Tensei Shitara Slime Datta Ken: Tensura Nikki,"Adventure, Comedy, Fantasy, Slice of Life",TV,12,74,74589,300000,56.0
146722,JoJo no Kimyou na Bouken: Stone Ocean Part 2,"Action, Adventure, Drama, Supernatural",ONA,26,82,74563,300000,55.0
131520,Go-toubun no Hanayome Movie,"Comedy, Drama, Romance, Slice of Life",MOVIE,1,78,74497,250000,13.0
20057,Space☆Dandy,"Comedy, Sci-Fi",TV,13,77,74464,300000,31.0
159322,BLEACH: Sennen Kessen-hen - Ketsubetsu-tan,"Action, Adventure, Supernatural",TV,13,86,74442,300000,9.0
142876,Dr. STONE: Ryuusui,"Action, Adventure, Comedy, Sci-Fi",SPECIAL,1,81,74379,250000,49.0
19221,"Ore no Nounai Sentakushi ga, Gakuen Love Comedy wo Zenryoku de Jama Shiteiru","Comedy, Ecchi, Romance, Supernatural",TV,10,67,74354,150000,38.0
20590,Shingeki no Bahamut: GENESIS,"Action, Adventure, Fantasy, Supernatural",TV,12,74,74295,300000,29.0
107068,Karakai Jouzu no Takagi-san 2,"Comedy, Romance, Slice of Life",TV,12,79,74246,100000,42.0
107961,Kawaikereba Hentai demo Suki ni Natte Kuremasu ka?,"Comedy, Ecchi, Mystery, Romance",TV,12,62,74238,100000,31.0
132473,Saihate no Paladin,"Action, Adventure, Fantasy, Mystery, Psychological",TV,12,68,74207,100000,16.0
21386,One Punch Man: Road to Hero,"Action, Comedy, Sci-Fi, Supernatural",OVA,1,75,74167,150000,38.0
21509,Danganronpa 3: The End of Kibougamine Gakuen - Mirai-hen,"Action, Horror, Mystery, Psychological, Sci-Fi, Thriller",TV,12,68,73960,100000,40.0
10495,Yuru Yuri,"Comedy, Slice of Life",TV,12,73,73884,150000,19.0
108631,Hataraku Saibou!!,"Action, Comedy, Sci-Fi",TV,8,72,73844,200000,19.0
5958,Sora no Otoshimono,"Comedy, Ecchi, Romance, Sci-Fi, Slice of Life, Supernatural",TV,13,67,73843,200000,21.0
1889,Higurashi no Naku Koro ni Kai,"Horror, Mystery, Psychological, Supernatural, Thriller",TV,24,79,73413,300000,55.0
135136,Vanitas no Carte Part 2,"Action, Drama, Fantasy, Mystery, Supernatural",TV,12,81,73200,150000,20.0
116338,Mairimashita! Iruma-kun 2,"Comedy, Fantasy, Supernatural",TV,21,80,73194,150000,52.0
106240,HELLO WORLD,"Drama, Psychological, Romance, Sci-Fi",MOVIE,1,72,72954,150000,23.0
142074,Otomege Sekai wa Mob ni Kibishii Sekai desu,"Action, Fantasy, Mecha, Romance",TV,12,71,72926,300000,24.0
6033,Dragon Ball Kai,"Action, Adventure, Comedy",TV,97,76,72846,300000,32.0
20879,Durarara!!x2 Ten,"Action, Mystery, Supernatural",TV,12,78,72757,150000,10.0
6114,RAINBOW: Nisha Rokubou no Shichinin,"Drama, Psychological, Thriller",TV,26,81,72695,100000,36.0
21825,Danganronpa 3: The End of Kibougamine Gakuen - Zetsubou-hen,"Action, Drama, Horror, Mystery, Psychological, Sci-Fi, Thriller",TV,11,71,72690,100000,55.0
101547,Isekai Cheat Magician,"Action, Adventure, Fantasy",TV,12,52,72660,100000,54.0
71,Full Metal Panic!,"Action, Comedy, Mecha, Sci-Fi",TV,24,72,72623,200000,59.0
16762,Mirai Nikki: Redial,"Action, Psychological, Supernatural",OVA,1,67,72514,250000,7.0
112667,"Kimi to Boku no Saigo no Senjou, Aruiwa Sekai ga Hajimaru Seisen","Action, Fantasy, Romance",TV,12,65,72362,150000,35.0
21006,Grisaia no Rakuen,"Action, Drama, Ecchi, Romance",TV,10,75,72290,100000,41.0
132052,Kakkou no Iinazuke,"Comedy, Romance",TV,24,67,71982,150000,23.0
66,Azumanga Daiou THE ANIMATION,"Comedy, Slice of Life",TV,26,78,71982,100000,39.0
9617,K-ON! Movie,"Comedy, Music, Slice of Life",MOVIE,1,83,71879,100000,14.0
21517,Renai Boukun,"Comedy, Ecchi, Romance, Supernatural",TV,12,62,71848,250000,57.0
45,Rurouni Kenshin: Meiji Kenkaku Romantan,"Action, Adventure, Comedy, Drama, Romance",TV,94,79,71822,300000,28.0
129190,Tensai Ouji no Akaji Kokka Saisei Jutsu,"Comedy, Fantasy",TV,12,72,71695,100000,45.0
136934,Mamahaha no Tsurego ga Motokano datta,"Comedy, Romance",TV,12,67,71601,300000,23.0
138565,Fumetsu no Anata e Season 2,"Adventure, Drama, Fantasy, Psychological, Supernatural",TV,20,79,71551,300000,21.0
20031,D-Frag!,Comedy,TV,12,72,71326,250000,37.0
140457,"Yuusha, Yamemasu","Action, Adventure, Comedy, Fantasy",TV,12,69,71009,100000,19.0
116242,100-man no Inochi no Ue ni Ore wa Tatteiru,"Action, Drama, Fantasy",TV,12,63,70807,100000,16.0
98861,Quanzhi Gaoshou,"Action, Drama",ONA,12,75,70748,250000,42.0
1840,Zero no Tsukaima: Futatsuki no Kishi,"Action, Adventure, Comedy, Ecchi, Fantasy, Romance",TV,12,69,70627,250000,36.0
15037,Corpse Party: Tortured Souls - Bougyakusareta Tamashii no Jukyou,"Horror, Mystery, Supernatural",OVA,4,58,70621,250000,27.0
125368,Kaguya-sama wa Kokurasetai: Tensaitachi no Renai Zunousen OVA,"Comedy, Ecchi, Romance, Slice of Life",OVA,1,75,70617,150000,57.0
21258,Akagami no Shirayuki-hime 2nd Season,"Drama, Fantasy, Romance",TV,12,78,70526,100000,10.0
98384,Bungou Stray Dogs: DEAD APPLE,"Action, Comedy, Mystery, Supernatural",MOVIE,1,78,70504,300000,12.0
130586,"Shijou Saikyou no Daimaou, Murabito A ni Tensei suru","Action, Ecchi, Fantasy, Romance",TV,12,62,70439,150000,45.0
486,Kino no Tabi: the Beautiful World,"Adventure, Drama, Fantasy, Psychological, Slice of Life",TV,13,81,70416,150000,49.0
21520,Koyomimonogatari,"Comedy, Mystery, Supernatural",ONA,12,74,70278,150000,13.0
98005,Ballroom e Youkoso,"Drama, Romance, Sports",TV,24,79,70259,250000,33.0
12445,Tasogare Otome x Amnesia,"Horror, Mystery, Romance, Supernatural",TV,12,74,70119,150000,29.0
139587,Tensei Shitara Ken Deshita,"Action, Adventure, Fantasy",ONA,12,74,69927,100000,8.0
21051,Nanbaka,"Action, Comedy, Drama",TV,13,70,69838,150000,54.0
20735,Danna ga Nani wo Itteiru ka Wakaranai Ken,"Comedy, Romance, Slice of Life",TV_SHORT,13,70,69837,150000,39.0
140596,"Ijiranaide, Nagatoro-san 2nd Attack","Comedy, Romance, Slice of Life",TV,12,74,69814,250000,42.0
2246,Mononoke,"Fantasy, Horror, Mystery, Psychological, Supernatural",TV,12,81,69780,150000,17.0
139498,Tensei Shitara Slime Datta Ken: Guren no Kizuna-hen,"Action, Adventure, Comedy, Fantasy",MOVIE,1,77,69749,100000,26.0
237,Koukyoushihen Eureka Seven,"Action, Adventure, Drama, Mecha, Romance, Sci-Fi",TV,50,77,69659,200000,34.0
132474,"Gaikotsu Kishi-sama, Tadaima Isekai e Odekakechuu","Action, Adventure, Comedy, Fantasy",TV,12,70,69612,150000,44.0
166794,Yubisaki to Renren,"Romance, Slice of Life",TV,12,82,69595,100000,47.0
20801,Kamisama Hajimemashita◎,"Comedy, Fantasy, Romance, Supernatural",TV,12,81,69476,150000,44.0
100878,Youjo Senki Movie,"Action, Fantasy",MOVIE,1,80,69464,200000,26.0
104580,Saiki Kusuo no Ψ-nan: Kanketsu-hen,"Comedy, Slice of Life, Supernatural",SPECIAL,1,81,69398,100000,19.0
21110,Shinmai Maou no Testament: BURST,"Action, Ecchi, Fantasy, Romance",TV,10,64,69352,200000,8.0
11433,Ano Natsu de Matteru,"Comedy, Drama, Romance, Sci-Fi, Slice of Life",TV,12,71,69200,150000,43.0
13161,Hagure Yuusha no Estetica,"Action, Ecchi, Fantasy",TV,12,61,69046,250000,50.0
387,Haibane Renmei,"Drama, Fantasy, Mystery, Psychological, Slice of Life",TV,13,79,69033,300000,14.0
100179,Tada-kun wa Koi wo Shinai,"Comedy, Romance, Slice of Life",TV,13,73,68989,100000,19.0
59,Chobits,"Comedy, Drama, Ecchi, Romance, Sci-Fi",TV,26,70,68818,100000,41.0
10721,Mawaru Penguindrum,"Drama, Mystery, Psychological, Supernatural",TV,24,79,68786,250000,53.0
162670,Dr. STONE: NEW WORLD Part 2,"Action, Adventure, Comedy, Sci-Fi",TV,11,83,68619,100000,39.0
8676,Amagami SS,"Comedy, Romance, Slice of Life",TV,25,69,68584,100000,41.0
119683,EDENS ZERO,"Action, Adventure, Comedy, Fantasy, Sci-Fi",TV,25,70,68572,250000,7.0
12549,"Dakara Boku wa, H ga Dekinai.","Comedy, Ecchi, Romance, Supernatural",TV,12,60,68506,100000,35.0
100815,Zoku Owarimonogatari,"Drama, Mystery, Supernatural",OVA,6,84,68502,200000,26.0
15417,Gintama: Enchousen,"Action, Comedy, Drama, Sci-Fi",TV,13,89,68325,300000,13.0
97731,Shelter,Sci-Fi,MUSIC,1,80,68283,150000,58.0
21659,Amaama to Inazuma,Slice of Life,TV,12,73,68179,150000,27.0
20462,Hitsugi no Chaika,"Action, Adventure, Comedy, Fantasy",TV,12,69,68175,250000,52.0
146210,Kinsou no Vermeil: Gakeppuchi Majutsushi wa Saikyou no Yakusai to Mahou Sekai wo Tsuki Susumu,"Ecchi, Fantasy, Romance",TV,12,67,68067,100000,14.0
112649,Tatoeba Last Dungeon Mae no Mura no Shounen ga Joban no Machi de Kurasu Youna Monogatari,"Adventure, Comedy, Fantasy",TV,12,62,68040,300000,35.0
20972,Shouwa Genroku Rakugo Shinjuu,Drama,TV,13,84,67967,200000,21.0
114446,Higurashi no Naku Koro ni Gou,"Drama, Horror, Mystery, Psychological, Supernatural, Thriller",TV,24,69,67848,150000,29.0
124675,Osananajimi ga Zettai ni Makenai Love Come,"Comedy, Romance",TV,12,58,67767,250000,25.0
11785,Haiyore! Nyaruko-san,"Comedy, Romance, Sci-Fi",TV,12,66,67567,200000,12.0
20555,Omoide no Marnie,"Drama, Mystery, Psychological",MOVIE,1,78,67552,250000,38.0
21096,Doukyuusei,"Drama, Music, Romance, Slice of Life",MOVIE,1,81,67519,150000,40.0
19369,Outbreak Company,"Comedy, Fantasy",TV,12,69,67215,150000,26.0
104723,Tsuujou Kougeki ga Zentai Kougeki de Ni-kai Kougeki no Okaasan wa Suki desu ka?,"Action, Adventure, Comedy, Ecchi, Fantasy",TV,12,51,67080,300000,21.0
759,Tokyo Godfathers,"Adventure, Comedy, Drama",MOVIE,1,81,67062,100000,25.0
132456,Jahy-sama wa Kujikenai!,"Comedy, Fantasy, Slice of Life, Supernatural",TV,20,68,66949,300000,54.0
12413,Jormungand,"Action, Adventure",TV,12,75,66755,100000,10.0
2605,Sayonara Zetsubou Sensei,Comedy,TV,12,76,66632,250000,40.0
97889,Gintama.,"Action, Comedy, Drama, Sci-Fi",TV,12,88,66612,300000,32.0
110229,Bokutachi wa Benkyou ga Dekinai!,"Comedy, Ecchi, Romance, Slice of Life",TV,13,71,66425,300000,34.0
98762,Chuunibyou demo Koi ga Shitai!: Take On Me,"Comedy, Drama, Romance, Slice of Life",MOVIE,1,80,66379,150000,20.0
100483,Yuragi-sou no Yuuna-san,"Comedy, Ecchi, Romance, Supernatural",TV,12,66,66365,100000,17.0
131680,Black Clover: Mahou Tei no Ken,"Action, Adventure, Comedy, Fantasy",MOVIE,1,80,66338,150000,20.0
143653,Kimi wa Houkago Insomnia,"Romance, Slice of Life",TV,13,79,66298,100000,50.0
105989,Midara na Ao-chan wa Benkyou ga Dekinai,"Comedy, Ecchi, Romance",TV_SHORT,12,65,66287,250000,41.0
20880,Durarara!!x2 Ketsu,"Action, Mystery, Supernatural",TV,12,79,66278,100000,53.0
481,Yu☆Gi☆Oh! Duel Monsters,"Adventure, Fantasy",TV,224,72,66264,100000,47.0
9289,Hanasaku Iroha,"Comedy, Drama, Slice of Life",TV,26,77,66236,100000,24.0
99531,Devils Line,"Action, Drama, Horror, Romance, Supernatural",TV,12,65,66235,250000,10.0
142455,Bubble,"Romance, Sci-Fi, Sports, Supernatural",ONA,1,71,66100,150000,30.0
98820,Just Because!,"Drama, Romance, Slice of Life",TV,12,69,65972,150000,11.0
21377,Kuroko no Basket: Last Game,"Comedy, Sports",MOVIE,1,79,65924,200000,56.0
5,Cowboy Bebop: Tengoku no Tobira,"Action, Drama, Mystery, Sci-Fi",MOVIE,1,82,65626,150000,56.0
119675,SHAMAN KING (2021),"Action, Adventure, Comedy, Supernatural",TV,52,63,65345,150000,16.0
20494,Noragami OVA,"Action, Adventure, Comedy, Supernatural",OVA,2,74,65338,250000,8.0
18247,IS: Infinite Stratos 2,"Action, Comedy, Ecchi, Mecha, Romance, Sci-Fi",TV,12,60,65320,150000,39.0
112802,Uramichi Oniisan,"Comedy, Slice of Life",TV,13,75,65266,100000,11.0
104052,Hoshiai no Sora,"Drama, Slice of Life, Sports",TV,12,75,65204,200000,34.0
21457,Kono Bijutsu-bu ni wa Mondai ga Aru!,"Comedy, Romance",TV,12,70,65140,200000,9.0
103275,Fate/Grand Order: Zettai Majuu Sensen Babylonia,"Action, Adventure, Fantasy, Supernatural",TV,21,77,65125,150000,29.0
14131,Girls und Panzer,"Action, Sports",TV,12,73,65068,150000,8.0
10080,Kami nomi zo Shiru Sekai II,"Comedy, Romance, Supernatural",TV,12,76,64839,250000,15.0
20529,Bokura wa Minna Kawaisou,"Comedy, Romance, Slice of Life",TV,12,74,64812,250000,59.0
124858,Yuukoku no Moriarty Part 2,"Drama, Mystery, Psychological, Thriller",TV,13,81,64606,200000,27.0
20503,Witch Craft Works,"Action, Fantasy, Supernatural",TV,12,67,64500,150000,11.0
20606,Kuroshitsuji: Book of Circus,"Comedy, Fantasy, Mystery, Supernatural",TV,10,78,64374,200000,51.0
20021,Sword Art Online: Extra Edition,"Action, Adventure, Fantasy, Romance",SPECIAL,1,61,64304,250000,58.0
105074,Tejina Senpai,"Comedy, Ecchi, Slice of Life",TV_SHORT,12,61,64221,250000,29.0
820,Ginga Eiyuu Densetsu,"Drama, Sci-Fi",OVA,110,88,64087,300000,39.0
1292,Afro Samurai,"Action, Adventure",TV,5,70,64081,100000,25.0
21624,Steins;Gate: Kyoukaimenjou no Missing Link - Divide By Zero,"Drama, Psychological, Sci-Fi, Thriller",OVA,1,81,63986,300000,39.0
106509,Tensei Shitara Slime Datta Ken OVA,"Action, Adventure, Comedy, Ecchi, Fantasy",OVA,5,73,63897,150000,12.0
99693,PERSONA5 the Animation,"Action, Fantasy, Supernatural",TV,26,61,63888,250000,15.0
21362,Hundred,"Action, Ecchi, Mecha, Sci-Fi",TV,12,58,63384,250000,23.0
21416,One Punch Man OVA,"Action, Comedy, Sci-Fi, Supernatural",OVA,6,75,63282,100000,45.0
130591,Sabikui Bisco,"Action, Adventure, Fantasy",TV,12,70,63211,200000,23.0
108388,Choujin Koukousei-tachi wa Isekai demo Yoyuu de Ikinuku you desu!,"Action, Adventure, Drama, Ecchi, Fantasy",TV,12,61,63089,100000,28.0
20527,Isshuukan Friends.,"Comedy, Drama, Romance, Slice of Life",TV,12,73,63088,300000,22.0
98292,NEW GAME!!,Slice of Life,TV,12,76,62878,150000,53.0
467,Koukaku Kidoutai: STAND ALONE COMPLEX,"Action, Mystery, Psychological, Sci-Fi",TV,26,82,62837,300000,53.0
13663,To LOVE-Ru Darkness,"Comedy, Ecchi, Romance, Sci-Fi",TV,12,71,62812,200000,52.0
104459,Yuru Camp△ SEASON 2,"Comedy, Slice of Life",TV,13,84,62775,200000,25.0
20663,Seirei Tsukai no Blade Dance,"Action, Comedy, Ecchi, Fantasy, Romance, Supernatural",TV,12,62,62685,200000,26.0
7647,Arakawa Under the Bridge,"Comedy, Romance",TV,13,73,62583,250000,38.0
166531,[Oshi no Ko] 2nd Season,"Drama, Mystery, Psychological, Supernatural",TV,13,84,62582,100000,42.0
12477,Sakasama no Patema,"Adventure, Romance, Sci-Fi",MOVIE,1,76,62579,200000,42.0
157198,Dead Mount Death Play,"Action, Fantasy, Supernatural, Thriller",TV,12,72,62566,150000,48.0
3712,Zero no Tsukaima: Princesses no Rondo,"Action, Adventure, Comedy, Ecchi, Fantasy, Romance",TV,12,68,62534,250000,34.0
5042,kiss×sis,"Comedy, Ecchi, Romance",OVA,12,62,62382,250000,34.0
11319,Zero no Tsukaima F,"Action, Adventure, Comedy, Ecchi, Fantasy, Romance",TV,12,70,62362,300000,37.0
162694,Kimi no Koto ga Dai Dai Dai Dai Daisuki na 100-nin no Kanojo,"Comedy, Ecchi, Romance",TV,12,77,62337,100000,45.0
16934,Chuunibyou demo Koi ga Shitai!: Kirameki no… Slapstick Noel,"Comedy, Romance, Slice of Life",OVA,1,73,62193,100000,45.0
101386,Hitoribocchi no ○○ Seikatsu,"Comedy, Slice of Life",TV,12,73,62110,150000,58.0
153930,Romantic Killer,"Comedy, Romance",ONA,12,79,62059,200000,47.0
15039,Ano Hi Mita Hana no Namae wo Bokutachi wa Mada Shiranai. Movie,"Drama, Romance, Slice of Life, Supernatural",MOVIE,1,75,61910,250000,36.0
21460,Hibike! Euphonium 2,"Drama, Music, Slice of Life",TV,13,83,61864,200000,34.0
139518,Tsuki ga Michibiku Isekai Douchuu 2nd Season,"Action, Adventure, Comedy, Fantasy",TV,25,78,61855,250000,51.0
98580,"Kobayashi-san Chi no Maidragon: Valentine, Soshite Onsen! (Amari Kitai Shinaide Kudasai)","Comedy, Fantasy, Romance, Slice of Life",OVA,1,76,61845,100000,40.0
15379,Kotoura-san,"Comedy, Drama, Romance",TV,12,68,61833,150000,16.0
109287,Adachi to Shimamura,"Romance, Slice of Life",TV,12,70,61696,300000,13.0
2418,Stranger: Mukou Hadan,"Action, Adventure",MOVIE,1,79,61645,200000,7.0
57,BECK,"Comedy, Drama, Music, Slice of Life",TV,26,80,61631,250000,21.0
126791,Kyuukyoku Shinka Shita Full Dive RPG ga Genjitsu yori mo Kusogee Dattara,"Action, Comedy, Ecchi, Fantasy, Romance",TV,12,62,61405,150000,12.0
20534,Gokukoku no Brynhildr,"Drama, Fantasy, Mystery, Sci-Fi",TV,13,63,61366,100000,14.0
129191,Shikkakumon no Saikyou Kenja,"Action, Adventure, Comedy, Fantasy, Romance, Slice of Life",TV,12,61,61237,200000,24.0
20809,Madan no Ou to Vanadis,"Adventure, Ecchi, Fantasy, Romance",TV,13,67,61153,200000,48.0
97908,"Uchiage Hanabi, Shita kara Miru ka? Yoko kara Miru ka?","Drama, Romance, Supernatural",MOVIE,1,59,61122,200000,8.0
18753,Yahari Ore no Seishun Love Come wa Machigatteiru.: Kochira to Shite mo Karera Kanojora no Yukusue ni Sachi Ookaran Koto wo Negawazaru wo Enai.,"Comedy, Romance, Slice of Life",OVA,1,74,61088,200000,16.0
21284,Flying Witch,"Slice of Life, Supernatural",TV,12,73,60994,100000,31.0
8630,Hidan no Aria,"Action, Comedy, Ecchi, Romance",TV,12,63,60908,150000,50.0
20935,Arslan Senki (TV),"Action, Adventure, Drama, Fantasy",TV,25,73,60829,200000,46.0
98443,Juuni Taisen,"Action, Thriller",TV,12,62,60818,100000,27.0
21626,Handa-kun,"Comedy, Slice of Life",TV,12,70,60818,200000,34.0
228,Jigoku Shoujo,"Drama, Horror, Mystery, Psychological, Supernatural",TV,26,71,60812,250000,32.0
26,TEXHNOLYZE,"Action, Drama, Psychological, Sci-Fi",TV,22,76,60805,250000,52.0
101283,Boogiepop wa Warawanai,"Horror, Mystery, Psychological",TV,18,67,60721,250000,20.0
21688,Mahoutsukai no Yome: Hoshi Matsu Hito,"Drama, Fantasy",OVA,3,79,60640,250000,46.0
146625,Engage Kiss,"Action, Comedy, Romance, Supernatural",TV,13,66,60563,100000,8.0
12291,Acchi Kocchi,"Comedy, Romance, Slice of Life",TV,12,71,60447,150000,42.0
6211,Tokyo Magnitude 8.0,Drama,TV,11,77,60325,200000,54.0
134732,Aoashi,Sports,TV,24,81,60300,200000,10.0
12293,Campione!: Matsurowanu Kamigami to Kamigoroshi no Maou,"Comedy, Ecchi, Romance",TV,13,64,60276,200000,17.0
235,Meitantei Conan,"Adventure, Comedy, Mystery, Psychological",TV,1075,81,60249,300000,22.0
118465,Shuumatsu no Harem,"Ecchi, Sci-Fi",TV,11,55,60230,300000,37.0
5530,Pandora Hearts,"Adventure, Fantasy, Supernatural",TV,25,71,60152,200000,41.0
141208,Tonikaku Kawaii Season 2,"Comedy, Romance, Slice of Life",TV,12,76,60151,150000,12.0
151252,Koori Zokusei Danshi to Cool na Douryou Joshi,"Comedy, Romance, Slice of Life, Supernatural",TV,12,72,60087,250000,31.0
116867,Itai no wa Iya nano de Bougyoryoku ni Kyokufuri Shitai to Omoimasu. 2,"Action, Adventure, Comedy, Fantasy, Slice of Life",TV,12,71,60066,150000,19.0
12467,Nazo no Kanojo X,"Ecchi, Mystery, Romance",TV,13,69,60032,250000,11.0
21221,Tales of Zestiria the Cross,"Action, Adventure, Fantasy",TV,13,69,60000,250000,16.0
597,Neko no Ongaeshi,"Adventure, Comedy, Drama, Fantasy",MOVIE,1,74,59838,200000,47.0
129277,Shinigami Bocchan to Kuro Maid,"Comedy, Drama, Romance, Supernatural",TV,12,74,59792,250000,43.0
1691,Kaze no Stigma,"Action, Drama, Fantasy, Romance",TV,24,67,59766,100000,36.0
97768,Grancrest Senki,"Action, Fantasy, Romance",TV,24,68,59652,250000,46.0
100185,Toaru Majutsu no Index III,"Action, Sci-Fi, Supernatural",TV,26,66,59567,150000,42.0
100010,Mahou Shoujo Site,"Action, Drama, Horror, Mahou Shoujo, Psychological, Supernatural",TV,12,60,59487,200000,59.0
138882,Kumichou Musume to Sewagakari,"Comedy, Slice of Life",TV,12,77,59469,100000,27.0
4063,Sekirei,"Action, Comedy, Ecchi",TV,12,64,59427,200000,11.0
112788,Umibe no Étranger,"Drama, Romance, Slice of Life",MOVIE,1,78,59322,250000,23.0
440,Shoujo Kakumei Utena,"Drama, Fantasy, Mystery, Psychological, Romance",TV,39,82,59237,250000,54.0
98449,Kujira no Kora wa Sajou ni Utau,"Adventure, Drama, Fantasy, Mystery, Romance, Sci-Fi",TV,12,69,59164,150000,24.0
156067,Tondemo Skill de Isekai Hourou Meshi,"Adventure, Comedy, Fantasy",TV,12,76,59079,150000,18.0
108307,PSYCHO-PASS 3,"Action, Psychological, Sci-Fi, Thriller",TV,8,73,59073,100000,50.0
17513,DIABOLIK LOVERS,"Drama, Horror, Romance, Supernatural",TV_SHORT,12,45,58840,250000,16.0
21410,Nejimaki Seirei Senki: Tenkyou no Alderamin,"Action, Adventure, Drama, Fantasy",TV,13,73,58686,300000,53.0
116605,Date A Live IV,"Comedy, Ecchi, Mecha, Romance, Sci-Fi",TV,12,76,58673,300000,18.0
20704,Taimadou Gakuen 35 Shiken Shoutai,"Action, Ecchi, Fantasy, Romance",TV,12,64,58587,100000,43.0
148969,Kubo-san wa Mob wo Yurusanai,"Comedy, Romance, Slice of Life",TV,12,75,58585,200000,59.0
20574,Hi Score Girl,"Comedy, Drama, Romance",TV,12,75,58553,300000,41.0
21281,Shingeki! Kyojin Chuugakkou,"Comedy, Fantasy, Slice of Life",TV,12,69,58511,150000,50.0
16918,Gin no Saji,"Comedy, Slice of Life",TV,11,79,58454,200000,53.0
132010,Koi wa Sekai Seifuku no Ato de,"Action, Comedy, Ecchi, Romance, Supernatural",TV,12,73,58440,200000,22.0
14829,Fate/kaleid liner Prisma☆Illya,"Action, Comedy, Ecchi, Fantasy, Mahou Shoujo",ONA,10,67,58255,150000,47.0
120209,Otome Game no Hametsu Flag shika Nai Akuyaku Reijou ni Tensei shiteshimatta… X,"Comedy, Fantasy, Romance, Slice of Life",TV,12,71,58213,100000,30.0
151040,TRIGUN STAMPEDE,"Action, Drama, Sci-Fi",TV,12,78,58205,250000,52.0
21560,Berserk,"Action, Adventure, Drama, Fantasy, Horror, Supernatural",TV,12,54,58116,300000,48.0
16524,Suisei no Gargantia,"Action, Adventure, Mecha, Sci-Fi",TV,13,71,58098,250000,41.0
7817,B Gata H Kei,"Comedy, Ecchi, Romance",TV,12,63,58076,200000,29.0
20047,Sakura Trick,"Comedy, Romance, Slice of Life",TV,12,66,58044,200000,29.0
98951,Boku no Kanojo ga Majime Sugiru Shoujo Bitch na Ken,"Comedy, Ecchi, Romance",TV,10,58,58013,250000,47.0
99088,PLUTO,"Action, Mystery, Psychological, Sci-Fi",ONA,8,84,57998,100000,8.0
20517,Gochuumon wa Usagi desu ka?,Slice of Life,TV,12,73,57811,250000,35.0
101361,Tenrou: Sirius the Jaeger,"Action, Supernatural",TV,12,68,57772,300000,48.0
97617,Isekai Shokudou,"Fantasy, Slice of Life",TV,12,71,57770,200000,14.0
18677,Yuusha ni Narenakatta Ore wa Shibushibu Shuushoku wo Ketsui Shimashita.,"Comedy, Ecchi, Fantasy, Romance",TV,12,64,57759,200000,44.0
13655,Little Busters!,"Comedy, Drama, Slice of Life, Supernatural",TV,26,71,57672,100000,46.0
111428,Maou-jou de Oyasumi,"Comedy, Fantasy, Slice of Life",TV,12,78,57577,250000,36.0
98505,Princess Principal,"Action, Adventure, Sci-Fi",TV,12,75,57568,300000,45.0
98549,Poputepipikku,Comedy,TV,12,68,57446,100000,37.0
110733,Zombie Land Saga: Revenge,"Comedy, Music, Supernatural",TV,12,79,57415,250000,24.0
9379,Denpa Onna to Seishun Otoko,"Comedy, Slice of Life",TV,12,68,57323,150000,52.0
14837,Dragon Ball Z: Kami to Kami,"Action, Adventure, Comedy, Sci-Fi",MOVIE,1,71,57315,300000,15.0
13667,ROAD TO NINJA: NARUTO THE MOVIE,"Action, Adventure",MOVIE,1,73,57289,250000,15.0
139648,Genjitsu Shugi Yuusha no Oukoku Saikenki Part 2,"Action, Adventure, Fantasy, Romance",TV,13,73,57173,250000,19.0
10396,Ben-To,"Action, Comedy, Ecchi",TV,12,68,57162,150000,13.0
104217,Wotaku ni Koi wa Muzukashii OVA,"Comedy, Romance, Slice of Life",OVA,3,79,57095,150000,31.0
21769,"Yahari Ore no Seishun Love Come wa Machigatteiru. Zoku: Kitto, Onnanoko wa Osatou to Spice to Suteki na Nanika de Dekiteiru","Comedy, Romance, Slice of Life",OVA,1,78,57071,200000,21.0
153629,Tensei Oujo to Tensai Reijou no Mahou Kakumei,"Fantasy, Romance",TV,12,75,57017,300000,12.0
137908,Chiyu Mahou no Machigatta Tsukaikata,"Action, Fantasy",TV,13,76,57006,250000,8.0
126288,Sasaki to Miyano,"Comedy, Romance, Slice of Life",TV,12,81,56921,100000,20.0
87486,Boku no Hero Academia: Sukue! Kyuujo Kunren!,"Action, Adventure, Comedy, Supernatural",OVA,1,70,56913,150000,27.0
20984,Okusama ga Seitokaichou!,"Comedy, Ecchi, Romance",TV_SHORT,12,61,56905,100000,32.0
552,Digimon Adventure,"Action, Adventure, Comedy, Drama, Fantasy, Sci-Fi",TV,54,75,56816,150000,23.0
9181,Motto To LOVE-Ru,"Comedy, Ecchi, Romance, Sci-Fi",TV,12,68,56789,250000,44.0
21296,Zutto Mae kara Suki deshita.: Kokuhaku Jikkou Iinkai,"Drama, Romance, Slice of Life",MOVIE,1,69,56713,100000,28.0
104462,Toaru Kagaku no Railgun T,"Action, Sci-Fi",TV,25,81,56621,100000,18.0
104463,Toaru Kagaku no Accelerator,"Action, Sci-Fi",TV,12,69,56473,250000,20.0
16706,Kami nomi zo Shiru Sekai: Megami-hen,"Comedy, Romance, Supernatural",TV,12,78,56440,300000,21.0
11285,Black★Rock Shooter (TV),"Action, Drama, Fantasy, Psychological, Slice of Life",TV,8,63,56381,300000,22.0
97815,Fate/Grand Order: First Order,"Action, Fantasy",SPECIAL,1,65,56349,200000,26.0
155211,Dungeon ni Deai wo Motomeru no wa Machigatteiru Darou ka IV: Shin Shou Yakusai-hen,"Action, Adventure, Comedy, Fantasy, Romance",TV,11,82,56334,250000,21.0
106319,"Hachi-nan tte, Sore wa Nai deshou!","Adventure, Fantasy",TV,12,61,56199,250000,54.0
144553,Saikyou Onmyouji no Isekai Tenseiki,"Action, Adventure, Fantasy, Romance, Supernatural",TV,13,71,56159,100000,12.0
4214,Rosario to Vampire Capu2,"Comedy, Ecchi, Fantasy, Romance",TV,13,64,56152,250000,37.0
131773,Wonder Egg Priority: Tokubetsu-hen,"Action, Drama, Fantasy, Mystery, Psychological, Sci-Fi, Thriller",SPECIAL,1,49,56117,200000,30.0
19111,Love Live! School idol project 2nd Season,"Music, Slice of Life",TV,13,76,56092,300000,32.0
20963,Kyoukai no Kanata: I''LL BE HERE - Mirai-hen,"Action, Drama, Fantasy, Romance, Slice of Life, Supernatural",MOVIE,1,79,56071,150000,37.0
21887,Fuuka,"Drama, Ecchi, Music, Romance",TV,12,60,56009,300000,8.0
17247,Machine-Doll wa Kizutsukanai,"Action, Ecchi, Fantasy",TV,12,66,55947,100000,40.0
14199,Onii-chan Dakedo Ai Sae Areba Kankeinai yo ne!,"Comedy, Ecchi, Romance",TV,12,60,55819,250000,44.0
20595,Mushishi Zoku Shou,"Adventure, Fantasy, Mystery, Psychological, Slice of Life, Supernatural",TV,10,86,55714,300000,55.0
21714,Flip Flappers,"Action, Adventure, Comedy, Fantasy, Mahou Shoujo, Psychological, Sci-Fi",TV,13,74,55685,300000,17.0
141821,Mato Seihei no Slave,"Action, Adventure, Drama, Ecchi, Fantasy, Romance",TV,12,67,55642,300000,48.0
101166,Dungeon ni Deai wo Motomeru no wa Machigatteiru Darou ka: Orion no Ya,"Action, Adventure, Comedy, Fantasy, Romance",MOVIE,1,72,55624,150000,23.0
97682,Zero kara Hajimeru Mahou no Sho,"Action, Drama, Fantasy",TV,12,67,55618,100000,27.0
10790,Kore wa Zombie desu ka? of the Dead,"Action, Comedy, Ecchi, Supernatural",TV,10,71,55448,250000,57.0
416,Kurenai no Buta,"Action, Adventure, Comedy, Drama, Romance",MOVIE,1,78,55435,150000,16.0
145728,Ookami to Koushinryou: MERCHANT MEETS THE WISE WOLF,"Adventure, Fantasy, Romance",TV,25,78,55420,300000,22.0
98572,Himouto! Umaru-chan R,"Comedy, Slice of Life",TV,12,71,55316,250000,49.0
21269,SERVAMP,"Action, Supernatural",TV,12,65,55254,300000,57.0
141534,Mushoku Tensei: Isekai Ittara Honki Dasu Part 2 - Eris no Goblin Toubatsu,"Adventure, Drama, Fantasy",SPECIAL,1,78,55246,250000,36.0
146493,Ragna Crimson,"Action, Adventure, Fantasy, Mystery",TV,24,73,55162,250000,39.0
143277,Urusei Yatsura (2022),"Comedy, Romance, Sci-Fi, Supernatural",TV,23,72,55152,250000,22.0
100178,Liz to Aoi Tori,"Drama, Music, Slice of Life",MOVIE,1,82,55103,250000,48.0
145260,Kuro no Shoukanshi,"Action, Adventure, Fantasy",TV,12,70,55039,200000,37.0
1281,Gakkou no Kaidan,"Horror, Mystery, Supernatural",TV,19,74,54962,300000,13.0
127090,Isekai Meikyuu de Harem wo,"Drama, Ecchi, Fantasy, Romance",TV,12,63,54918,150000,22.0
8516,Baka to Test to Shoukanjuu Ni!,"Comedy, Romance, Slice of Life",TV,13,73,54913,300000,45.0
16664,Kaguya-hime no Monogatari,"Drama, Fantasy, Romance",MOVIE,1,81,54851,250000,29.0
20514,PSYCHO-PASS Movie,"Action, Sci-Fi",MOVIE,1,75,54796,200000,12.0
114862,Log Horizon: Entaku Houkai,"Action, Adventure, Comedy, Fantasy",TV,12,69,54793,200000,46.0
104252,"Maou-sama, Retry!","Action, Adventure, Comedy, Fantasy",TV,12,62,54651,100000,42.0
98977,Itsudatte Bokura no Koi wa 10 cm Datta.,"Drama, Romance, Slice of Life",TV,6,72,54575,200000,13.0
20599,Soredemo Sekai wa Utsukushii,"Adventure, Fantasy, Romance",TV,12,72,54575,150000,46.0
117533,Hataraku Saibou BLACK,"Action, Drama, Sci-Fi",TV,13,73,54512,250000,11.0
114840,Koi to Yobu ni wa Kimochi Warui,"Comedy, Romance, Slice of Life",ONA,12,68,54276,300000,53.0
146850,Isekai Nonbiri Nouka,"Fantasy, Slice of Life",TV,12,74,54192,200000,29.0
21378,Masou Gakuen HxH,"Action, Comedy, Ecchi, Fantasy, Romance, Sci-Fi",TV,12,55,54160,200000,37.0
101972,Modao Zushi,"Action, Adventure, Drama, Fantasy, Mystery, Supernatural",ONA,15,82,54116,150000,33.0
21256,Dimension W,"Action, Sci-Fi",TV,12,68,53981,150000,59.0
20913,K: RETURN OF KINGS,"Action, Supernatural",TV,13,73,53911,150000,35.0
20853,Aldnoah.Zero 2,"Action, Mecha, Sci-Fi",TV,12,65,53899,100000,34.0
102680,Watashi ni Tenshi ga Maiorita!,"Comedy, Slice of Life",TV,12,70,53778,150000,41.0
170,SLAM DUNK,"Comedy, Drama, Slice of Life, Sports",TV,101,83,53744,300000,37.0
14353,Death Billiards,"Drama, Mystery, Psychological, Thriller",MOVIE,1,76,53741,150000,13.0
101231,Shikioriori,"Drama, Romance, Slice of Life",MOVIE,3,69,53672,250000,18.0
99698,Ousama Game The Animation,"Drama, Horror, Mystery, Supernatural",TV,12,45,53663,150000,19.0
20627,Seiken Tsukai no World Break,"Action, Ecchi, Fantasy, Romance, Supernatural",TV,12,63,53602,200000,18.0
3782,Kara no Kyoukai: Satsujin Kousatsu (Zen),"Action, Mystery, Romance, Supernatural, Thriller",MOVIE,1,75,53469,100000,58.0
160188,Suki na Ko ga Megane wo Wasureta,"Comedy, Romance",TV,13,68,53381,200000,15.0
861,xxxHOLiC,"Comedy, Drama, Horror, Mystery, Psychological, Supernatural",TV,24,76,53374,150000,47.0
110178,Isekai Quartet 2,"Comedy, Fantasy, Slice of Life",TV_SHORT,12,72,53349,300000,16.0
20521,Hamatora THE ANIMATION,"Comedy, Drama, Mystery",TV,12,68,53333,150000,17.0
131548,Akebi-chan no Sailor Fuku,Slice of Life,TV,12,75,53100,150000,33.0
123802,Seijo no Maryoku wa Bannou desu,"Fantasy, Romance, Slice of Life",TV,12,71,53008,300000,56.0
20771,"Ore ga Ojou-sama Gakkou ni ""Shomin Sample"" Toshite Gets-Sareta Ken","Comedy, Ecchi, Romance",TV,12,63,52984,150000,16.0
10030,Bakuman. 2,"Comedy, Drama, Romance, Slice of Life",TV,25,81,52866,100000,51.0
6573,DARKER THAN BLACK: Ryuusei no Gemini,"Action, Mystery, Psychological, Sci-Fi, Supernatural",TV,12,70,52856,100000,12.0
4059,"CLANNAD: Mou Hitotsu no Sekai, Tomoyo-hen","Drama, Romance, Slice of Life",OVA,1,76,52835,200000,54.0
122052,Kaizoku Oujo,"Action, Adventure, Romance",TV,12,69,52822,150000,14.0
115740,Kamitachi ni Hirowareta Otoko,"Adventure, Fantasy, Slice of Life",TV,12,68,52754,150000,45.0
128545,Shiroi Suna no Aquatope,"Drama, Slice of Life, Supernatural",TV,24,72,52644,100000,41.0
19703,Kyousougiga (TV),"Action, Fantasy, Supernatural",TV,10,75,52539,200000,54.0
18689,Diamond no Ace,Sports,TV,75,80,52318,100000,13.0
97663,Knights & Magic,"Action, Fantasy, Mecha",TV,13,67,52265,150000,33.0
136707,Isekai Yakkyoku,Fantasy,TV,12,72,52175,250000,35.0
129192,"Tensei Kenja no Isekai Life: Daini no Shokugyo wo Ete, Sekai Saikyou ni Narimashita","Action, Adventure, Comedy, Fantasy",TV,12,61,52116,300000,39.0
127271,Ryuu to Sobakasu no Hime,"Drama, Music, Mystery, Sci-Fi",MOVIE,1,73,52055,300000,56.0
101571,Aggressive Retsuko,"Comedy, Music, Slice of Life",ONA,10,74,52006,200000,23.0
